[
{
    "model": "tableapi.customuser",
    "pk": 1,
    "fields": {
        "password": "pbkdf2_sha256$390000$8LGhuQVHf6pRB48kO1ldBa$K+4hJ1fCykVDhm60lq5GoLQy0B6KNvix9s7tgw3N9jg=",
        "last_login": "2022-12-08T18:13:45.400Z",
        "is_superuser": true,
        "username": "admin",
        "first_name": "",
        "last_name": "",
        "email": "admin@example.com",
        "is_staff": true,
        "is_active": true,
        "date_joined": "2022-11-29T15:02:38.202Z",
        "groups": [],
        "user_permissions": []
    }
},
{
    "model": "tableapi.customuser",
    "pk": 2,
    "fields": {
        "password": "qwerty1",
        "last_login": "2022-11-29T15:04:17Z",
        "is_superuser": true,
        "username": "LHall",
        "first_name": "Logan",
        "last_name": "Hall",
        "email": "l@hall.com",
        "is_staff": true,
        "is_active": true,
        "date_joined": "2022-11-29T15:04:11Z",
        "groups": [],
        "user_permissions": [
            1,
            2,
            3,
            4,
            9,
            10,
            11,
            12,
            5,
            6,
            7,
            8,
            13,
            14,
            15,
            16,
            17,
            18,
            19,
            20,
            21,
            22,
            23,
            24,
            29,
            30,
            31,
            32,
            25,
            26,
            27,
            28
        ]
    }
},
{
    "model": "tableapi.customuser",
    "pk": 3,
    "fields": {
        "password": "qwerty2",
        "last_login": "2022-11-29T15:05:26Z",
        "is_superuser": true,
        "username": "Zachy",
        "first_name": "Zach",
        "last_name": "Andrews",
        "email": "a@andrews.com",
        "is_staff": true,
        "is_active": true,
        "date_joined": "2022-11-29T15:05:18Z",
        "groups": [],
        "user_permissions": [
            1,
            2,
            3,
            4,
            9,
            10,
            11,
            12,
            5,
            6,
            7,
            8,
            13,
            14,
            15,
            16,
            17,
            18,
            19,
            20,
            21,
            22,
            23,
            24,
            29,
            30,
            31,
            32,
            25,
            26,
            27,
            28
        ]
    }
},
{
    "model": "tableapi.customuser",
    "pk": 4,
    "fields": {
        "password": "qwerty3",
        "last_login": "2022-11-29T15:07:06Z",
        "is_superuser": true,
        "username": "Galven_boi",
        "first_name": "Alex",
        "last_name": "Galvan",
        "email": "A@galvan.com",
        "is_staff": true,
        "is_active": true,
        "date_joined": "2022-11-29T15:06:56Z",
        "groups": [],
        "user_permissions": [
            1,
            2,
            3,
            4,
            9,
            10,
            11,
            12,
            5,
            6,
            7,
            8,
            13,
            14,
            15,
            16,
            17,
            18,
            19,
            20,
            21,
            22,
            23,
            24,
            29,
            30,
            31,
            32,
            25,
            26,
            27,
            28
        ]
    }
},
{
    "model": "tableapi.customuser",
    "pk": 5,
    "fields": {
        "password": "qwerty4",
        "last_login": "2022-11-29T15:09:22Z",
        "is_superuser": false,
        "username": "Joshy",
        "first_name": "Josh",
        "last_name": "Stewart",
        "email": "josh@admin.com",
        "is_staff": true,
        "is_active": true,
        "date_joined": "2022-11-29T15:09:11Z",
        "groups": [],
        "user_permissions": [
            1,
            2,
            3,
            4,
            9,
            10,
            11,
            12,
            5,
            6,
            7,
            8,
            13,
            14,
            15,
            16,
            17,
            18,
            19,
            20,
            21,
            22,
            23,
            24,
            29,
            30,
            31,
            32,
            25,
            26,
            27,
            28
        ]
    }
},
{
    "model": "tableapi.customuser",
    "pk": 6,
    "fields": {
        "password": "test123",
        "last_login": "2022-12-05T19:22:56Z",
        "is_superuser": true,
        "username": "testing",
        "first_name": "test",
        "last_name": "test",
        "email": "test@test.com",
        "is_staff": true,
        "is_active": true,
        "date_joined": "2022-12-05T19:22:48Z",
        "groups": [],
        "user_permissions": [
            1,
            2,
            3,
            4,
            9,
            10,
            11,
            12,
            5,
            6,
            7,
            8,
            13,
            14,
            15,
            16,
            17,
            18,
            19,
            20,
            21,
            22,
            23,
            24,
            49,
            50,
            51,
            52,
            37,
            38,
            39,
            40,
            29,
            30,
            31,
            32,
            33,
            34,
            35,
            36,
            25,
            26,
            27,
            28,
            41,
            42,
            43,
            44,
            45,
            46,
            47,
            48
        ]
    }
},
{
    "model": "tableapi.customuser",
    "pk": 12,
    "fields": {
        "password": "pbkdf2_sha256$390000$ypyMNPvw46cI2q5f127XNp$5ZoJbJLK22Brxxod8eDu3yjM2b1EcwZpAb+GEA925v0=",
        "last_login": null,
        "is_superuser": false,
        "username": "ZachAttack",
        "first_name": "Zach",
        "last_name": "Andrews",
        "email": "zach@test.com",
        "is_staff": false,
        "is_active": true,
        "date_joined": "2022-12-07T19:39:55.786Z",
        "groups": [],
        "user_permissions": []
    }
},
{
    "model": "tableapi.customuser",
    "pk": 13,
    "fields": {
        "password": "pbkdf2_sha256$390000$nhkhVUPi3urZPbF6RFa7zv$tyvrYfk44Uq3wghuvsl3SFAMW2e5xjAVMi32aWtHL78=",
        "last_login": null,
        "is_superuser": false,
        "username": "loganboi",
        "first_name": "Logan",
        "last_name": "Logan",
        "email": "logan@l.com",
        "is_staff": false,
        "is_active": true,
        "date_joined": "2022-12-08T22:13:10.952Z",
        "groups": [],
        "user_permissions": []
    }
},
{
    "model": "tableapi.customuser",
    "pk": 15,
    "fields": {
        "password": "pbkdf2_sha256$390000$v0ANVGKXV0bquwt1Url1nJ$E8fcqn71J5LF1g7qaI5lj7qTVZkra2wPnsNHfPLHRp0=",
        "last_login": null,
        "is_superuser": false,
        "username": "estus",
        "first_name": "estus",
        "last_name": "bestus",
        "email": "estus@l.com",
        "is_staff": false,
        "is_active": true,
        "date_joined": "2022-12-08T22:55:37.404Z",
        "groups": [],
        "user_permissions": []
    }
},
{
    "model": "tableapi.customuser",
    "pk": 16,
    "fields": {
        "password": "pbkdf2_sha256$390000$z4ED6T62I0udc2t5VHNy4x$7MN/1JLiTMUyklTuxCtM4mW4sBB5D4zC5njqHONQLjc=",
        "last_login": null,
        "is_superuser": false,
        "username": "justin",
        "first_name": "just",
        "last_name": "in",
        "email": "justin@g.com",
        "is_staff": false,
        "is_active": true,
        "date_joined": "2022-12-08T23:00:08.515Z",
        "groups": [],
        "user_permissions": []
    }
},
{
    "model": "tableapi.customuser",
    "pk": 17,
    "fields": {
        "password": "pbkdf2_sha256$390000$n6q9CU56GeGXQ9sCCA673f$n4m64F+H+Lddg8PXPwSiQeZNVTbpe8d8O5kqteEUPK0=",
        "last_login": null,
        "is_superuser": false,
        "username": "daniel",
        "first_name": "daniel",
        "last_name": "daniel",
        "email": "daniel@w.com",
        "is_staff": false,
        "is_active": true,
        "date_joined": "2022-12-08T23:16:48.540Z",
        "groups": [],
        "user_permissions": []
    }
},
{
    "model": "tableapi.customuser",
    "pk": 18,
    "fields": {
        "password": "pbkdf2_sha256$390000$IqAZnMqJqSkDsG4sm4hB9f$GRB+CmcdwzxuADXh9MRDc9cDlBbaQdy7TzHY/k4fYyg=",
        "last_login": null,
        "is_superuser": false,
        "username": "will",
        "first_name": "will",
        "last_name": "will",
        "email": "will@wi.com",
        "is_staff": false,
        "is_active": true,
        "date_joined": "2022-12-08T23:19:06.845Z",
        "groups": [],
        "user_permissions": []
    }
},
{
    "model": "tableapi.customuser",
    "pk": 19,
    "fields": {
        "password": "pbkdf2_sha256$390000$4x3tZUaIZfGawxruK8d7lF$4WAwbnwokwt4hn43qcD8HDWuswQacJc8ddXH5/GPw8E=",
        "last_login": null,
        "is_superuser": false,
        "username": "spacebun",
        "first_name": "Space",
        "last_name": "Bunny",
        "email": "spacebun@g.com",
        "is_staff": false,
        "is_active": true,
        "date_joined": "2022-12-09T13:21:41.247Z",
        "groups": [],
        "user_permissions": []
    }
},
{
    "model": "tableapi.team",
    "pk": 1,
    "fields": {
        "team_name": "Qatar",
        "team_grounp": 1,
        "user_id": 12,
        "created_at": "2022-11-29T15:13:14.914Z",
        "updated_at": "2022-12-11T22:21:55.336Z",
        "wins": 0,
        "losses": 2,
        "ties": 1,
        "games_played": 0,
        "goals_scored": 2,
        "goals_lost": 6,
        "goal_dif": -4,
        "rank": 4,
        "points": 0
    }
},
{
    "model": "tableapi.team",
    "pk": 2,
    "fields": {
        "team_name": "Senagal",
        "team_grounp": 1,
        "user_id": 2,
        "created_at": "2022-11-29T15:13:59.223Z",
        "updated_at": "2022-12-11T22:21:41.805Z",
        "wins": 1,
        "losses": 1,
        "ties": 1,
        "games_played": 3,
        "goals_scored": 5,
        "goals_lost": 4,
        "goal_dif": 1,
        "rank": 3,
        "points": 4
    }
},
{
    "model": "tableapi.team",
    "pk": 3,
    "fields": {
        "team_name": "Ecuadar",
        "team_grounp": 1,
        "user_id": 19,
        "created_at": "2022-11-29T15:14:38.767Z",
        "updated_at": "2022-12-11T22:21:24.135Z",
        "wins": 1,
        "losses": 2,
        "ties": 0,
        "games_played": 0,
        "goals_scored": 3,
        "goals_lost": 6,
        "goal_dif": -3,
        "rank": 2,
        "points": 0
    }
},
{
    "model": "tableapi.team",
    "pk": 4,
    "fields": {
        "team_name": "Netherlands",
        "team_grounp": 1,
        "user_id": 18,
        "created_at": "2022-11-29T15:15:21.177Z",
        "updated_at": "2022-12-11T22:21:06.825Z",
        "wins": 2,
        "losses": 1,
        "ties": 0,
        "games_played": 0,
        "goals_scored": 7,
        "goals_lost": 3,
        "goal_dif": 4,
        "rank": 1,
        "points": 0
    }
},
{
    "model": "tableapi.player",
    "pk": 21,
    "fields": {
        "player_name": "Memphis Depay",
        "jersey_no": 4,
        "nationality_id": 4,
        "position_id": 1,
        "injured": false,
        "age": 28
    }
},
{
    "model": "tableapi.player",
    "pk": 25,
    "fields": {
        "player_name": "Saad Al-Sheeb",
        "jersey_no": 1,
        "nationality_id": 1,
        "position_id": 4,
        "injured": false,
        "age": 32
    }
},
{
    "model": "tableapi.player",
    "pk": 26,
    "fields": {
        "player_name": "Jeremy Sarmiento",
        "jersey_no": 16,
        "nationality_id": 3,
        "position_id": 2,
        "injured": false,
        "age": 20
    }
},
{
    "model": "tableapi.player",
    "pk": 27,
    "fields": {
        "player_name": "Kalidou Koulibaly",
        "jersey_no": 3,
        "nationality_id": 2,
        "position_id": 3,
        "injured": false,
        "age": 32
    }
},
{
    "model": "tableapi.player",
    "pk": 29,
    "fields": {
        "player_name": "Frenkie de Jong",
        "jersey_no": 21,
        "nationality_id": 4,
        "position_id": 2,
        "injured": false,
        "age": 25
    }
},
{
    "model": "tableapi.player",
    "pk": 31,
    "fields": {
        "player_name": "Virgil van Dijk",
        "jersey_no": 4,
        "nationality_id": 4,
        "position_id": 3,
        "injured": false,
        "age": 31
    }
},
{
    "model": "tableapi.player",
    "pk": 32,
    "fields": {
        "player_name": "Justin Bijlow",
        "jersey_no": 13,
        "nationality_id": 4,
        "position_id": 4,
        "injured": false,
        "age": 24
    }
},
{
    "model": "tableapi.player",
    "pk": 33,
    "fields": {
        "player_name": "Hassan Al-Haydos",
        "jersey_no": 10,
        "nationality_id": 1,
        "position_id": 2,
        "injured": false,
        "age": 31
    }
},
{
    "model": "tableapi.player",
    "pk": 34,
    "fields": {
        "player_name": "Almoez Ali",
        "jersey_no": 19,
        "nationality_id": 1,
        "position_id": 1,
        "injured": false,
        "age": 26
    }
},
{
    "model": "tableapi.player",
    "pk": 35,
    "fields": {
        "player_name": "Boualem Khoukhi",
        "jersey_no": 16,
        "nationality_id": 1,
        "position_id": 3,
        "injured": false,
        "age": 32
    }
},
{
    "model": "tableapi.player",
    "pk": 36,
    "fields": {
        "player_name": "Pervis Estupinan",
        "jersey_no": 25,
        "nationality_id": 3,
        "position_id": 3,
        "injured": false,
        "age": 22
    }
},
{
    "model": "tableapi.player",
    "pk": 37,
    "fields": {
        "player_name": "Alexander Dominguez",
        "jersey_no": 22,
        "nationality_id": 3,
        "position_id": 4,
        "injured": false,
        "age": 35
    }
},
{
    "model": "tableapi.player",
    "pk": 38,
    "fields": {
        "player_name": "Enner Valencia",
        "jersey_no": 13,
        "nationality_id": 3,
        "position_id": 1,
        "injured": false,
        "age": 33
    }
},
{
    "model": "tableapi.player",
    "pk": 39,
    "fields": {
        "player_name": "Bamba Dieng",
        "jersey_no": 20,
        "nationality_id": 2,
        "position_id": 1,
        "injured": false,
        "age": 20
    }
},
{
    "model": "tableapi.player",
    "pk": 40,
    "fields": {
        "player_name": "Sadio Mane",
        "jersey_no": 10,
        "nationality_id": 2,
        "position_id": 1,
        "injured": true,
        "age": 30
    }
},
{
    "model": "tableapi.player",
    "pk": 41,
    "fields": {
        "player_name": "Pape Matar Sarr",
        "jersey_no": 17,
        "nationality_id": 2,
        "position_id": 2,
        "injured": false,
        "age": 20
    }
},
{
    "model": "tableapi.player",
    "pk": 42,
    "fields": {
        "player_name": "Edouard Mendy",
        "jersey_no": 1,
        "nationality_id": 2,
        "position_id": 4,
        "injured": false,
        "age": 30
    }
},
{
    "model": "tableapi.player",
    "pk": 44,
    "fields": {
        "player_name": "Morgan",
        "jersey_no": 17,
        "nationality_id": 3,
        "position_id": 3,
        "injured": false,
        "age": 22
    }
},
{
    "model": "tableapi.player",
    "pk": 45,
    "fields": {
        "player_name": "Estus Bestus",
        "jersey_no": 42,
        "nationality_id": 1,
        "position_id": 3,
        "injured": false,
        "age": 27
    }
},
{
    "model": "tableapi.player",
    "pk": 50,
    "fields": {
        "player_name": "chai",
        "jersey_no": 7,
        "nationality_id": 2,
        "position_id": 2,
        "injured": false,
        "age": 27
    }
},
{
    "model": "tableapi.player",
    "pk": 64,
    "fields": {
        "player_name": "tommy jim",
        "jersey_no": 17,
        "nationality_id": 2,
        "position_id": 3,
        "injured": false,
        "age": 24
    }
},
{
    "model": "tableapi.player",
    "pk": 93,
    "fields": {
        "player_name": "stupid",
        "jersey_no": 13,
        "nationality_id": 2,
        "position_id": 3,
        "injured": false,
        "age": 18
    }
},
{
    "model": "tableapi.player",
    "pk": 94,
    "fields": {
        "player_name": "Elijah",
        "jersey_no": 22,
        "nationality_id": 2,
        "position_id": 2,
        "injured": false,
        "age": 23
    }
},
{
    "model": "tableapi.player",
    "pk": 95,
    "fields": {
        "player_name": "James",
        "jersey_no": 10,
        "nationality_id": null,
        "position_id": 1,
        "injured": false,
        "age": 26
    }
},
{
    "model": "tableapi.player",
    "pk": 96,
    "fields": {
        "player_name": "Jude Martinez, III",
        "jersey_no": 9,
        "nationality_id": null,
        "position_id": 4,
        "injured": false,
        "age": 23
    }
},
{
    "model": "tableapi.player",
    "pk": 97,
    "fields": {
        "player_name": "Logan",
        "jersey_no": 28,
        "nationality_id": null,
        "position_id": 4,
        "injured": false,
        "age": 16
    }
},
{
    "model": "tableapi.position",
    "pk": 1,
    "fields": {
        "position": "Forward"
    }
},
{
    "model": "tableapi.position",
    "pk": 2,
    "fields": {
        "position": "Mid-Fielder"
    }
},
{
    "model": "tableapi.position",
    "pk": 3,
    "fields": {
        "position": "Defender"
    }
},
{
    "model": "tableapi.position",
    "pk": 4,
    "fields": {
        "position": "Goal Keeper"
    }
},
{
    "model": "tableapi.nationality",
    "pk": 1,
    "fields": {
        "nationality": "Qatari"
    }
},
{
    "model": "tableapi.nationality",
    "pk": 2,
    "fields": {
        "nationality": "Senegalese"
    }
},
{
    "model": "tableapi.nationality",
    "pk": 3,
    "fields": {
        "nationality": "Ecuadorian"
    }
},
{
    "model": "tableapi.nationality",
    "pk": 4,
    "fields": {
        "nationality": "Dutch"
    }
},
{
    "model": "tableapi.team_players",
    "pk": 2,
    "fields": {
        "player": 25,
        "team": 1
    }
},
{
    "model": "tableapi.team_players",
    "pk": 3,
    "fields": {
        "player": 26,
        "team": 3
    }
},
{
    "model": "tableapi.team_players",
    "pk": 4,
    "fields": {
        "player": 27,
        "team": 2
    }
},
{
    "model": "tableapi.team_players",
    "pk": 5,
    "fields": {
        "player": 21,
        "team": 4
    }
},
{
    "model": "tableapi.team_players",
    "pk": 8,
    "fields": {
        "player": 29,
        "team": 4
    }
},
{
    "model": "tableapi.team_players",
    "pk": 9,
    "fields": {
        "player": 31,
        "team": 4
    }
},
{
    "model": "tableapi.team_players",
    "pk": 10,
    "fields": {
        "player": 32,
        "team": 4
    }
},
{
    "model": "tableapi.team_players",
    "pk": 11,
    "fields": {
        "player": 33,
        "team": 1
    }
},
{
    "model": "tableapi.team_players",
    "pk": 12,
    "fields": {
        "player": 34,
        "team": 1
    }
},
{
    "model": "tableapi.team_players",
    "pk": 13,
    "fields": {
        "player": 35,
        "team": 1
    }
},
{
    "model": "tableapi.team_players",
    "pk": 14,
    "fields": {
        "player": 37,
        "team": 3
    }
},
{
    "model": "tableapi.team_players",
    "pk": 15,
    "fields": {
        "player": 36,
        "team": 3
    }
},
{
    "model": "tableapi.team_players",
    "pk": 16,
    "fields": {
        "player": 38,
        "team": 3
    }
},
{
    "model": "tableapi.team_players",
    "pk": 17,
    "fields": {
        "player": 42,
        "team": 2
    }
},
{
    "model": "tableapi.team_players",
    "pk": 18,
    "fields": {
        "player": 41,
        "team": 2
    }
},
{
    "model": "tableapi.team_players",
    "pk": 19,
    "fields": {
        "player": 40,
        "team": 2
    }
},
{
    "model": "tableapi.team_players",
    "pk": 20,
    "fields": {
        "player": 39,
        "team": 2
    }
},
{
    "model": "tableapi.team_players",
    "pk": 21,
    "fields": {
        "player": 64,
        "team": 2
    }
},
{
    "model": "tableapi.team_players",
    "pk": 22,
    "fields": {
        "player": 94,
        "team": 3
    }
},
{
    "model": "tableapi.team_players",
    "pk": 23,
    "fields": {
        "player": 95,
        "team": 3
    }
},
{
    "model": "tableapi.team_players",
    "pk": 24,
    "fields": {
        "player": 96,
        "team": 3
    }
},
{
    "model": "tableapi.team_players",
    "pk": 25,
    "fields": {
        "player": 97,
        "team": 3
    }
},
{
    "model": "tableapi.venue",
    "pk": 1,
    "fields": {
        "venue_name": "Al Bayt Stadium",
        "address": "MF2H+7WM, Al Khor, Qatar"
    }
},
{
    "model": "tableapi.venue",
    "pk": 2,
    "fields": {
        "venue_name": "Lusail Stadium",
        "address": "CFCM+76P, Rawdat Al Hamama, Qatar"
    }
},
{
    "model": "tableapi.venue",
    "pk": 3,
    "fields": {
        "venue_name": "Al Thumama Stadium",
        "address": "6GFH+XH3, Doha, Qatar"
    }
},
{
    "model": "tableapi.venue",
    "pk": 4,
    "fields": {
        "venue_name": "Education City Stadium",
        "address": "8C9G+M35, Ar-Rayyan, Qatar"
    }
},
{
    "model": "tableapi.venue",
    "pk": 5,
    "fields": {
        "venue_name": "Ahmad Bin Ali Stadium",
        "address": "88PW+CPM, Ar-Rayyan, Qatar"
    }
},
{
    "model": "tableapi.venue",
    "pk": 6,
    "fields": {
        "venue_name": "Al Janoub Stadium",
        "address": "5H5H+89W, Al Wukair, Qatar"
    }
},
{
    "model": "tableapi.venue",
    "pk": 7,
    "fields": {
        "venue_name": "Khalifa International Stadium",
        "address": "7FF4+557, Doha, Qatar"
    }
},
{
    "model": "tableapi.venue",
    "pk": 8,
    "fields": {
        "venue_name": "Stadium 974",
        "address": "7HQC+V96, Doha, Qatar"
    }
},
{
    "model": "tableapi.game",
    "pk": 1,
    "fields": {
        "date_of_match": "2022-12-07T20:54:14.538Z",
        "goals_scored": 3,
        "goal_conceded": 2,
        "venue_id": 2
    }
},
{
    "model": "tableapi.game",
    "pk": 2,
    "fields": {
        "date_of_match": "2022-12-07T20:32:38.288Z",
        "goals_scored": 2,
        "goal_conceded": 3,
        "venue_id": 1
    }
},
{
    "model": "tableapi.game",
    "pk": 3,
    "fields": {
        "date_of_match": "2022-12-07T20:34:15.232Z",
        "goals_scored": 1,
        "goal_conceded": 1,
        "venue_id": 3
    }
},
{
    "model": "tableapi.game",
    "pk": 4,
    "fields": {
        "date_of_match": "2022-12-07T20:34:22.053Z",
        "goals_scored": 1,
        "goal_conceded": 1,
        "venue_id": 3
    }
},
{
    "model": "tableapi.game",
    "pk": 5,
    "fields": {
        "date_of_match": "2022-12-07T20:35:35.592Z",
        "goals_scored": 3,
        "goal_conceded": 0,
        "venue_id": 1
    }
},
{
    "model": "tableapi.game",
    "pk": 6,
    "fields": {
        "date_of_match": "2022-12-07T20:35:44.111Z",
        "goals_scored": 0,
        "goal_conceded": 3,
        "venue_id": 1
    }
},
{
    "model": "tableapi.team_games",
    "pk": 1,
    "fields": {
        "game": 2,
        "team": 3
    }
},
{
    "model": "tableapi.team_games",
    "pk": 2,
    "fields": {
        "game": 1,
        "team": 2
    }
},
{
    "model": "tableapi.team_games",
    "pk": 3,
    "fields": {
        "game": 3,
        "team": 1
    }
},
{
    "model": "tableapi.team_games",
    "pk": 4,
    "fields": {
        "game": 4,
        "team": 4
    }
},
{
    "model": "tableapi.team_games",
    "pk": 5,
    "fields": {
        "game": 5,
        "team": 2
    }
},
{
    "model": "tableapi.team_games",
    "pk": 6,
    "fields": {
        "game": 6,
        "team": 1
    }
}
]
