[
{
    "model": "admin.logentry",
    "pk": 1,
    "fields": {
        "action_time": "2022-11-29T15:05:18.631Z",
        "user": 1,
        "content_type": 6,
        "object_id": "2",
        "object_repr": "Logan Hall",
        "action_flag": 1,
        "change_message": "[{\"added\": {}}]"
    }
},
{
    "model": "admin.logentry",
    "pk": 2,
    "fields": {
        "action_time": "2022-11-29T15:06:16.251Z",
        "user": 1,
        "content_type": 6,
        "object_id": "3",
        "object_repr": "Zach Andrews",
        "action_flag": 1,
        "change_message": "[{\"added\": {}}]"
    }
},
{
    "model": "admin.logentry",
    "pk": 3,
    "fields": {
        "action_time": "2022-11-29T15:06:55.851Z",
        "user": 1,
        "content_type": 6,
        "object_id": "3",
        "object_repr": "Zach Andrews",
        "action_flag": 2,
        "change_message": "[{\"changed\": {\"fields\": [\"User permissions\"]}}]"
    }
},
{
    "model": "admin.logentry",
    "pk": 4,
    "fields": {
        "action_time": "2022-11-29T15:08:49.892Z",
        "user": 1,
        "content_type": 6,
        "object_id": "4",
        "object_repr": "Alex Galvan",
        "action_flag": 1,
        "change_message": "[{\"added\": {}}]"
    }
},
{
    "model": "admin.logentry",
    "pk": 5,
    "fields": {
        "action_time": "2022-11-29T15:08:57.853Z",
        "user": 1,
        "content_type": 6,
        "object_id": "3",
        "object_repr": "Zach Andrews",
        "action_flag": 2,
        "change_message": "[{\"changed\": {\"fields\": [\"Superuser status\"]}}]"
    }
},
{
    "model": "admin.logentry",
    "pk": 6,
    "fields": {
        "action_time": "2022-11-29T15:10:16.145Z",
        "user": 1,
        "content_type": 6,
        "object_id": "5",
        "object_repr": "Josh Sullivan",
        "action_flag": 1,
        "change_message": "[{\"added\": {}}]"
    }
},
{
    "model": "admin.logentry",
    "pk": 7,
    "fields": {
        "action_time": "2022-11-29T15:10:26.180Z",
        "user": 1,
        "content_type": 6,
        "object_id": "3",
        "object_repr": "Zach Andrews",
        "action_flag": 2,
        "change_message": "[{\"changed\": {\"fields\": [\"Password\"]}}]"
    }
},
{
    "model": "admin.logentry",
    "pk": 8,
    "fields": {
        "action_time": "2022-11-29T15:13:14.916Z",
        "user": 1,
        "content_type": 7,
        "object_id": "1",
        "object_repr": "Qatar",
        "action_flag": 1,
        "change_message": "[{\"added\": {}}]"
    }
},
{
    "model": "admin.logentry",
    "pk": 9,
    "fields": {
        "action_time": "2022-11-29T15:13:59.224Z",
        "user": 1,
        "content_type": 7,
        "object_id": "2",
        "object_repr": "Senagal",
        "action_flag": 1,
        "change_message": "[{\"added\": {}}]"
    }
},
{
    "model": "admin.logentry",
    "pk": 10,
    "fields": {
        "action_time": "2022-11-29T15:14:38.768Z",
        "user": 1,
        "content_type": 7,
        "object_id": "3",
        "object_repr": "Ecudar",
        "action_flag": 1,
        "change_message": "[{\"added\": {}}]"
    }
},
{
    "model": "admin.logentry",
    "pk": 11,
    "fields": {
        "action_time": "2022-11-29T15:15:21.178Z",
        "user": 1,
        "content_type": 7,
        "object_id": "4",
        "object_repr": "Netherlands",
        "action_flag": 1,
        "change_message": "[{\"added\": {}}]"
    }
},
{
    "model": "admin.logentry",
    "pk": 12,
    "fields": {
        "action_time": "2022-11-29T15:32:55.948Z",
        "user": 1,
        "content_type": 8,
        "object_id": "3",
        "object_repr": "Test11",
        "action_flag": 1,
        "change_message": "[{\"added\": {}}]"
    }
},
{
    "model": "admin.logentry",
    "pk": 13,
    "fields": {
        "action_time": "2022-11-29T15:33:08.767Z",
        "user": 1,
        "content_type": 8,
        "object_id": "3",
        "object_repr": "Test111",
        "action_flag": 2,
        "change_message": "[{\"changed\": {\"fields\": [\"Player name\"]}}]"
    }
},
{
    "model": "admin.logentry",
    "pk": 14,
    "fields": {
        "action_time": "2022-11-29T15:33:55.117Z",
        "user": 1,
        "content_type": 8,
        "object_id": "3",
        "object_repr": "Test11 1",
        "action_flag": 3,
        "change_message": ""
    }
},
{
    "model": "admin.logentry",
    "pk": 15,
    "fields": {
        "action_time": "2022-11-29T15:34:08.219Z",
        "user": 1,
        "content_type": 8,
        "object_id": "4",
        "object_repr": "Mason 29",
        "action_flag": 1,
        "change_message": "[{\"added\": {}}]"
    }
},
{
    "model": "admin.logentry",
    "pk": 16,
    "fields": {
        "action_time": "2022-11-29T16:02:06.068Z",
        "user": 1,
        "content_type": 9,
        "object_id": "1",
        "object_repr": "Forward",
        "action_flag": 1,
        "change_message": "[{\"added\": {}}]"
    }
},
{
    "model": "admin.logentry",
    "pk": 17,
    "fields": {
        "action_time": "2022-11-29T16:02:19.870Z",
        "user": 1,
        "content_type": 9,
        "object_id": "2",
        "object_repr": "Mid-Fielder",
        "action_flag": 1,
        "change_message": "[{\"added\": {}}]"
    }
},
{
    "model": "admin.logentry",
    "pk": 18,
    "fields": {
        "action_time": "2022-11-29T16:02:26.321Z",
        "user": 1,
        "content_type": 9,
        "object_id": "3",
        "object_repr": "Defender",
        "action_flag": 1,
        "change_message": "[{\"added\": {}}]"
    }
},
{
    "model": "admin.logentry",
    "pk": 19,
    "fields": {
        "action_time": "2022-11-29T16:02:37.557Z",
        "user": 1,
        "content_type": 9,
        "object_id": "4",
        "object_repr": "Goal Keeper",
        "action_flag": 1,
        "change_message": "[{\"added\": {}}]"
    }
},
{
    "model": "admin.logentry",
    "pk": 20,
    "fields": {
        "action_time": "2022-11-29T16:03:05.524Z",
        "user": 1,
        "content_type": 8,
        "object_id": "6",
        "object_repr": "Estus: 12",
        "action_flag": 1,
        "change_message": "[{\"added\": {}}]"
    }
},
{
    "model": "admin.logentry",
    "pk": 21,
    "fields": {
        "action_time": "2022-11-29T16:03:36.559Z",
        "user": 1,
        "content_type": 8,
        "object_id": "5",
        "object_repr": "Jude: 13",
        "action_flag": 3,
        "change_message": ""
    }
},
{
    "model": "admin.logentry",
    "pk": 22,
    "fields": {
        "action_time": "2022-11-29T16:03:36.561Z",
        "user": 1,
        "content_type": 8,
        "object_id": "4",
        "object_repr": "Mason: 29",
        "action_flag": 3,
        "change_message": ""
    }
},
{
    "model": "admin.logentry",
    "pk": 23,
    "fields": {
        "action_time": "2022-11-29T18:07:38.346Z",
        "user": 1,
        "content_type": 8,
        "object_id": "7",
        "object_repr": "Estus: 21",
        "action_flag": 1,
        "change_message": "[{\"added\": {}}]"
    }
},
{
    "model": "admin.logentry",
    "pk": 24,
    "fields": {
        "action_time": "2022-11-29T18:51:24.031Z",
        "user": 1,
        "content_type": 8,
        "object_id": "20",
        "object_repr": "TESTTTTT3: 21",
        "action_flag": 3,
        "change_message": ""
    }
},
{
    "model": "admin.logentry",
    "pk": 25,
    "fields": {
        "action_time": "2022-11-29T18:51:24.033Z",
        "user": 1,
        "content_type": 8,
        "object_id": "19",
        "object_repr": "TESTTTTT2: 21",
        "action_flag": 3,
        "change_message": ""
    }
},
{
    "model": "admin.logentry",
    "pk": 26,
    "fields": {
        "action_time": "2022-11-29T18:51:24.035Z",
        "user": 1,
        "content_type": 8,
        "object_id": "18",
        "object_repr": "Estus2: 21",
        "action_flag": 3,
        "change_message": ""
    }
},
{
    "model": "admin.logentry",
    "pk": 27,
    "fields": {
        "action_time": "2022-11-29T18:51:24.036Z",
        "user": 1,
        "content_type": 8,
        "object_id": "17",
        "object_repr": "Estus2: 21",
        "action_flag": 3,
        "change_message": ""
    }
},
{
    "model": "admin.logentry",
    "pk": 28,
    "fields": {
        "action_time": "2022-11-29T18:51:24.037Z",
        "user": 1,
        "content_type": 8,
        "object_id": "16",
        "object_repr": "Estus2: 21",
        "action_flag": 3,
        "change_message": ""
    }
},
{
    "model": "admin.logentry",
    "pk": 29,
    "fields": {
        "action_time": "2022-11-29T18:51:24.038Z",
        "user": 1,
        "content_type": 8,
        "object_id": "15",
        "object_repr": "Estus2: 21",
        "action_flag": 3,
        "change_message": ""
    }
},
{
    "model": "admin.logentry",
    "pk": 30,
    "fields": {
        "action_time": "2022-11-29T18:51:24.039Z",
        "user": 1,
        "content_type": 8,
        "object_id": "14",
        "object_repr": "Estus2: 21",
        "action_flag": 3,
        "change_message": ""
    }
},
{
    "model": "admin.logentry",
    "pk": 31,
    "fields": {
        "action_time": "2022-11-29T18:51:24.040Z",
        "user": 1,
        "content_type": 8,
        "object_id": "12",
        "object_repr": "Estus2: 21",
        "action_flag": 3,
        "change_message": ""
    }
},
{
    "model": "admin.logentry",
    "pk": 32,
    "fields": {
        "action_time": "2022-11-29T18:51:24.042Z",
        "user": 1,
        "content_type": 8,
        "object_id": "9",
        "object_repr": "Test1: 1",
        "action_flag": 3,
        "change_message": ""
    }
},
{
    "model": "admin.logentry",
    "pk": 33,
    "fields": {
        "action_time": "2022-11-29T18:51:24.043Z",
        "user": 1,
        "content_type": 8,
        "object_id": "8",
        "object_repr": "Francois: 1",
        "action_flag": 3,
        "change_message": ""
    }
},
{
    "model": "admin.logentry",
    "pk": 34,
    "fields": {
        "action_time": "2022-11-29T18:51:24.044Z",
        "user": 1,
        "content_type": 8,
        "object_id": "7",
        "object_repr": "Estus: 21",
        "action_flag": 3,
        "change_message": ""
    }
},
{
    "model": "admin.logentry",
    "pk": 35,
    "fields": {
        "action_time": "2022-11-29T19:06:09.201Z",
        "user": 1,
        "content_type": 10,
        "object_id": "1",
        "object_repr": "Dutch",
        "action_flag": 1,
        "change_message": "[{\"added\": {}}]"
    }
},
{
    "model": "admin.logentry",
    "pk": 36,
    "fields": {
        "action_time": "2022-11-29T19:06:35.888Z",
        "user": 1,
        "content_type": 10,
        "object_id": "2",
        "object_repr": "Ecuadorian",
        "action_flag": 1,
        "change_message": "[{\"added\": {}}]"
    }
},
{
    "model": "admin.logentry",
    "pk": 37,
    "fields": {
        "action_time": "2022-11-29T19:07:04.268Z",
        "user": 1,
        "content_type": 10,
        "object_id": "3",
        "object_repr": "Qatarian",
        "action_flag": 1,
        "change_message": "[{\"added\": {}}]"
    }
},
{
    "model": "admin.logentry",
    "pk": 38,
    "fields": {
        "action_time": "2022-11-29T19:07:49.203Z",
        "user": 1,
        "content_type": 10,
        "object_id": "4",
        "object_repr": "Senegalese",
        "action_flag": 1,
        "change_message": "[{\"added\": {}}]"
    }
},
{
    "model": "admin.logentry",
    "pk": 39,
    "fields": {
        "action_time": "2022-11-29T19:08:44.048Z",
        "user": 1,
        "content_type": 8,
        "object_id": "21",
        "object_repr": "Memphis Depay: 4",
        "action_flag": 1,
        "change_message": "[{\"added\": {}}]"
    }
},
{
    "model": "admin.logentry",
    "pk": 40,
    "fields": {
        "action_time": "2022-11-29T21:11:18.437Z",
        "user": 1,
        "content_type": 11,
        "object_id": "1",
        "object_repr": "Team_Players object (1)",
        "action_flag": 1,
        "change_message": "[{\"added\": {}}]"
    }
},
{
    "model": "admin.logentry",
    "pk": 41,
    "fields": {
        "action_time": "2022-11-29T21:11:26.341Z",
        "user": 1,
        "content_type": 11,
        "object_id": "2",
        "object_repr": "Team_Players object (2)",
        "action_flag": 1,
        "change_message": "[{\"added\": {}}]"
    }
},
{
    "model": "admin.logentry",
    "pk": 42,
    "fields": {
        "action_time": "2022-11-29T21:11:36.879Z",
        "user": 1,
        "content_type": 11,
        "object_id": "3",
        "object_repr": "Team_Players object (3)",
        "action_flag": 1,
        "change_message": "[{\"added\": {}}]"
    }
},
{
    "model": "admin.logentry",
    "pk": 43,
    "fields": {
        "action_time": "2022-11-29T21:11:43.627Z",
        "user": 1,
        "content_type": 11,
        "object_id": "4",
        "object_repr": "Team_Players object (4)",
        "action_flag": 1,
        "change_message": "[{\"added\": {}}]"
    }
},
{
    "model": "admin.logentry",
    "pk": 44,
    "fields": {
        "action_time": "2022-11-29T21:19:56.757Z",
        "user": 1,
        "content_type": 11,
        "object_id": "4",
        "object_repr": "Team_Players object (4)",
        "action_flag": 2,
        "change_message": "[]"
    }
},
{
    "model": "admin.logentry",
    "pk": 45,
    "fields": {
        "action_time": "2022-11-29T21:20:02.646Z",
        "user": 1,
        "content_type": 11,
        "object_id": "5",
        "object_repr": "Team_Players object (5)",
        "action_flag": 1,
        "change_message": "[{\"added\": {}}]"
    }
},
{
    "model": "admin.logentry",
    "pk": 46,
    "fields": {
        "action_time": "2022-11-29T21:20:11.585Z",
        "user": 1,
        "content_type": 11,
        "object_id": "1",
        "object_repr": "Team_Players object (1)",
        "action_flag": 3,
        "change_message": ""
    }
},
{
    "model": "admin.logentry",
    "pk": 47,
    "fields": {
        "action_time": "2022-11-30T13:33:43.384Z",
        "user": 1,
        "content_type": 6,
        "object_id": "5",
        "object_repr": "Josh Stewart",
        "action_flag": 2,
        "change_message": "[{\"changed\": {\"fields\": [\"Last name\"]}}]"
    }
},
{
    "model": "admin.logentry",
    "pk": 48,
    "fields": {
        "action_time": "2022-11-30T14:01:31.920Z",
        "user": 1,
        "content_type": 11,
        "object_id": "5",
        "object_repr": "Team_Players object (5)",
        "action_flag": 2,
        "change_message": "[{\"changed\": {\"fields\": [\"Team\"]}}]"
    }
},
{
    "model": "admin.logentry",
    "pk": 49,
    "fields": {
        "action_time": "2022-11-30T14:02:02.920Z",
        "user": 1,
        "content_type": 8,
        "object_id": "28",
        "object_repr": "new guyTest: Jersey Number is 2",
        "action_flag": 1,
        "change_message": "[{\"added\": {}}]"
    }
},
{
    "model": "admin.logentry",
    "pk": 50,
    "fields": {
        "action_time": "2022-11-30T14:02:18.372Z",
        "user": 1,
        "content_type": 11,
        "object_id": "6",
        "object_repr": "Team_Players object (6)",
        "action_flag": 1,
        "change_message": "[{\"added\": {}}]"
    }
},
{
    "model": "admin.logentry",
    "pk": 51,
    "fields": {
        "action_time": "2022-11-30T14:02:27.581Z",
        "user": 1,
        "content_type": 11,
        "object_id": "7",
        "object_repr": "Team_Players object (7)",
        "action_flag": 1,
        "change_message": "[{\"added\": {}}]"
    }
},
{
    "model": "admin.logentry",
    "pk": 52,
    "fields": {
        "action_time": "2022-11-30T14:03:21.415Z",
        "user": 1,
        "content_type": 11,
        "object_id": "7",
        "object_repr": "Team_Players object (7)",
        "action_flag": 3,
        "change_message": ""
    }
},
{
    "model": "admin.logentry",
    "pk": 53,
    "fields": {
        "action_time": "2022-11-30T14:03:25.967Z",
        "user": 1,
        "content_type": 11,
        "object_id": "6",
        "object_repr": "Team_Players object (6)",
        "action_flag": 3,
        "change_message": ""
    }
},
{
    "model": "admin.logentry",
    "pk": 54,
    "fields": {
        "action_time": "2022-11-30T14:03:31.413Z",
        "user": 1,
        "content_type": 8,
        "object_id": "28",
        "object_repr": "new guyTest: Jersey Number is 2",
        "action_flag": 3,
        "change_message": ""
    }
},
{
    "model": "admin.logentry",
    "pk": 55,
    "fields": {
        "action_time": "2022-11-30T14:04:09.807Z",
        "user": 1,
        "content_type": 8,
        "object_id": "29",
        "object_repr": "Frenkie de Jong: Jersey Number is 21",
        "action_flag": 1,
        "change_message": "[{\"added\": {}}]"
    }
},
{
    "model": "admin.logentry",
    "pk": 56,
    "fields": {
        "action_time": "2022-11-30T14:06:02.379Z",
        "user": 1,
        "content_type": 8,
        "object_id": "31",
        "object_repr": "Virgil van Dijk is Dutch and his jersey Number is 4",
        "action_flag": 1,
        "change_message": "[{\"added\": {}}]"
    }
},
{
    "model": "admin.logentry",
    "pk": 57,
    "fields": {
        "action_time": "2022-11-30T14:06:40.977Z",
        "user": 1,
        "content_type": 8,
        "object_id": "32",
        "object_repr": "Justin Bijlow is Dutch and his jersey Number is 13",
        "action_flag": 1,
        "change_message": "[{\"added\": {}}]"
    }
},
{
    "model": "admin.logentry",
    "pk": 58,
    "fields": {
        "action_time": "2022-11-30T14:08:46.235Z",
        "user": 1,
        "content_type": 8,
        "object_id": "33",
        "object_repr": "Hassan Al-Haydos is Qatarian and his jersey Number is 10",
        "action_flag": 1,
        "change_message": "[{\"added\": {}}]"
    }
},
{
    "model": "admin.logentry",
    "pk": 59,
    "fields": {
        "action_time": "2022-11-30T14:09:18.729Z",
        "user": 1,
        "content_type": 8,
        "object_id": "34",
        "object_repr": "Almoez Ali is Qatarian and his jersey Number is 19",
        "action_flag": 1,
        "change_message": "[{\"added\": {}}]"
    }
},
{
    "model": "admin.logentry",
    "pk": 60,
    "fields": {
        "action_time": "2022-11-30T14:10:02.170Z",
        "user": 1,
        "content_type": 8,
        "object_id": "35",
        "object_repr": "Boualem Khoukhi is Qatarian and his jersey Number is 16",
        "action_flag": 1,
        "change_message": "[{\"added\": {}}]"
    }
},
{
    "model": "admin.logentry",
    "pk": 61,
    "fields": {
        "action_time": "2022-11-30T14:11:26.409Z",
        "user": 1,
        "content_type": 8,
        "object_id": "36",
        "object_repr": "Jackson Porozo is Ecuadorian and his jersey Number is 25",
        "action_flag": 1,
        "change_message": "[{\"added\": {}}]"
    }
},
{
    "model": "admin.logentry",
    "pk": 62,
    "fields": {
        "action_time": "2022-11-30T14:12:15.065Z",
        "user": 1,
        "content_type": 8,
        "object_id": "37",
        "object_repr": "Alexander Dominguez is Ecuadorian and his jersey Number is 22",
        "action_flag": 1,
        "change_message": "[{\"added\": {}}]"
    }
},
{
    "model": "admin.logentry",
    "pk": 63,
    "fields": {
        "action_time": "2022-11-30T14:12:59.675Z",
        "user": 1,
        "content_type": 8,
        "object_id": "36",
        "object_repr": "Pervis Estupinan is Ecuadorian and his jersey Number is 25",
        "action_flag": 2,
        "change_message": "[{\"changed\": {\"fields\": [\"Player name\"]}}]"
    }
},
{
    "model": "admin.logentry",
    "pk": 64,
    "fields": {
        "action_time": "2022-11-30T14:13:48.501Z",
        "user": 1,
        "content_type": 8,
        "object_id": "38",
        "object_repr": "Enner Valencia is Ecuadorian and his jersey Number is 13",
        "action_flag": 1,
        "change_message": "[{\"added\": {}}]"
    }
},
{
    "model": "admin.logentry",
    "pk": 65,
    "fields": {
        "action_time": "2022-11-30T14:15:48.991Z",
        "user": 1,
        "content_type": 8,
        "object_id": "39",
        "object_repr": "Bamba Dieng is Senegalese and his jersey Number is 20",
        "action_flag": 1,
        "change_message": "[{\"added\": {}}]"
    }
},
{
    "model": "admin.logentry",
    "pk": 66,
    "fields": {
        "action_time": "2022-11-30T14:16:22.936Z",
        "user": 1,
        "content_type": 8,
        "object_id": "40",
        "object_repr": "Sadio Mane is Senegalese and his jersey Number is 10",
        "action_flag": 1,
        "change_message": "[{\"added\": {}}]"
    }
},
{
    "model": "admin.logentry",
    "pk": 67,
    "fields": {
        "action_time": "2022-11-30T14:17:06.952Z",
        "user": 1,
        "content_type": 8,
        "object_id": "41",
        "object_repr": "Pape Matar Sarr is Senegalese and his jersey Number is 17",
        "action_flag": 1,
        "change_message": "[{\"added\": {}}]"
    }
},
{
    "model": "admin.logentry",
    "pk": 68,
    "fields": {
        "action_time": "2022-11-30T14:17:33.203Z",
        "user": 1,
        "content_type": 8,
        "object_id": "42",
        "object_repr": "Edouard Mendy is Senegalese and his jersey Number is 1",
        "action_flag": 1,
        "change_message": "[{\"added\": {}}]"
    }
},
{
    "model": "admin.logentry",
    "pk": 69,
    "fields": {
        "action_time": "2022-11-30T14:46:21.331Z",
        "user": 1,
        "content_type": 11,
        "object_id": "8",
        "object_repr": "Team_Players object (8)",
        "action_flag": 1,
        "change_message": "[{\"added\": {}}]"
    }
},
{
    "model": "admin.logentry",
    "pk": 70,
    "fields": {
        "action_time": "2022-11-30T14:46:33.683Z",
        "user": 1,
        "content_type": 11,
        "object_id": "9",
        "object_repr": "Team_Players object (9)",
        "action_flag": 1,
        "change_message": "[{\"added\": {}}]"
    }
},
{
    "model": "admin.logentry",
    "pk": 71,
    "fields": {
        "action_time": "2022-11-30T14:46:52.294Z",
        "user": 1,
        "content_type": 11,
        "object_id": "10",
        "object_repr": "Team_Players object (10)",
        "action_flag": 1,
        "change_message": "[{\"added\": {}}]"
    }
},
{
    "model": "admin.logentry",
    "pk": 72,
    "fields": {
        "action_time": "2022-11-30T14:47:02.685Z",
        "user": 1,
        "content_type": 11,
        "object_id": "11",
        "object_repr": "Team_Players object (11)",
        "action_flag": 1,
        "change_message": "[{\"added\": {}}]"
    }
},
{
    "model": "admin.logentry",
    "pk": 73,
    "fields": {
        "action_time": "2022-11-30T14:47:14.229Z",
        "user": 1,
        "content_type": 11,
        "object_id": "12",
        "object_repr": "Team_Players object (12)",
        "action_flag": 1,
        "change_message": "[{\"added\": {}}]"
    }
},
{
    "model": "admin.logentry",
    "pk": 74,
    "fields": {
        "action_time": "2022-11-30T14:47:22.685Z",
        "user": 1,
        "content_type": 11,
        "object_id": "13",
        "object_repr": "Team_Players object (13)",
        "action_flag": 1,
        "change_message": "[{\"added\": {}}]"
    }
},
{
    "model": "admin.logentry",
    "pk": 75,
    "fields": {
        "action_time": "2022-11-30T14:47:30.398Z",
        "user": 1,
        "content_type": 11,
        "object_id": "14",
        "object_repr": "Team_Players object (14)",
        "action_flag": 1,
        "change_message": "[{\"added\": {}}]"
    }
},
{
    "model": "admin.logentry",
    "pk": 76,
    "fields": {
        "action_time": "2022-11-30T14:47:39.740Z",
        "user": 1,
        "content_type": 11,
        "object_id": "15",
        "object_repr": "Team_Players object (15)",
        "action_flag": 1,
        "change_message": "[{\"added\": {}}]"
    }
},
{
    "model": "admin.logentry",
    "pk": 77,
    "fields": {
        "action_time": "2022-11-30T14:47:47.474Z",
        "user": 1,
        "content_type": 11,
        "object_id": "16",
        "object_repr": "Team_Players object (16)",
        "action_flag": 1,
        "change_message": "[{\"added\": {}}]"
    }
},
{
    "model": "admin.logentry",
    "pk": 78,
    "fields": {
        "action_time": "2022-11-30T14:47:54.706Z",
        "user": 1,
        "content_type": 11,
        "object_id": "17",
        "object_repr": "Team_Players object (17)",
        "action_flag": 1,
        "change_message": "[{\"added\": {}}]"
    }
},
{
    "model": "admin.logentry",
    "pk": 79,
    "fields": {
        "action_time": "2022-11-30T14:48:02.796Z",
        "user": 1,
        "content_type": 11,
        "object_id": "18",
        "object_repr": "Team_Players object (18)",
        "action_flag": 1,
        "change_message": "[{\"added\": {}}]"
    }
},
{
    "model": "admin.logentry",
    "pk": 80,
    "fields": {
        "action_time": "2022-11-30T14:48:09.665Z",
        "user": 1,
        "content_type": 11,
        "object_id": "19",
        "object_repr": "Team_Players object (19)",
        "action_flag": 1,
        "change_message": "[{\"added\": {}}]"
    }
},
{
    "model": "admin.logentry",
    "pk": 81,
    "fields": {
        "action_time": "2022-11-30T14:48:17.011Z",
        "user": 1,
        "content_type": 11,
        "object_id": "20",
        "object_repr": "Team_Players object (20)",
        "action_flag": 1,
        "change_message": "[{\"added\": {}}]"
    }
},
{
    "model": "admin.logentry",
    "pk": 82,
    "fields": {
        "action_time": "2022-12-02T16:21:05.331Z",
        "user": 1,
        "content_type": 12,
        "object_id": "1",
        "object_repr": "Venue object (1)",
        "action_flag": 1,
        "change_message": "[{\"added\": {}}]"
    }
},
{
    "model": "admin.logentry",
    "pk": 83,
    "fields": {
        "action_time": "2022-12-02T16:22:11.395Z",
        "user": 1,
        "content_type": 12,
        "object_id": "2",
        "object_repr": "Venue object (2)",
        "action_flag": 1,
        "change_message": "[{\"added\": {}}]"
    }
},
{
    "model": "admin.logentry",
    "pk": 84,
    "fields": {
        "action_time": "2022-12-02T16:22:35.564Z",
        "user": 1,
        "content_type": 12,
        "object_id": "1",
        "object_repr": "Venue object (1)",
        "action_flag": 2,
        "change_message": "[{\"changed\": {\"fields\": [\"Address\"]}}]"
    }
},
{
    "model": "admin.logentry",
    "pk": 85,
    "fields": {
        "action_time": "2022-12-02T16:23:36.343Z",
        "user": 1,
        "content_type": 12,
        "object_id": "3",
        "object_repr": "Venue object (3)",
        "action_flag": 1,
        "change_message": "[{\"added\": {}}]"
    }
},
{
    "model": "admin.logentry",
    "pk": 86,
    "fields": {
        "action_time": "2022-12-02T16:24:34.643Z",
        "user": 1,
        "content_type": 12,
        "object_id": "4",
        "object_repr": "Venue object (4)",
        "action_flag": 1,
        "change_message": "[{\"added\": {}}]"
    }
},
{
    "model": "admin.logentry",
    "pk": 87,
    "fields": {
        "action_time": "2022-12-02T16:25:30.334Z",
        "user": 1,
        "content_type": 12,
        "object_id": "5",
        "object_repr": "Venue object (5)",
        "action_flag": 1,
        "change_message": "[{\"added\": {}}]"
    }
},
{
    "model": "admin.logentry",
    "pk": 88,
    "fields": {
        "action_time": "2022-12-02T16:31:34.669Z",
        "user": 1,
        "content_type": 12,
        "object_id": "6",
        "object_repr": "Venue object (6)",
        "action_flag": 1,
        "change_message": "[{\"added\": {}}]"
    }
},
{
    "model": "admin.logentry",
    "pk": 89,
    "fields": {
        "action_time": "2022-12-02T16:33:52.176Z",
        "user": 1,
        "content_type": 12,
        "object_id": "1",
        "object_repr": "Venue object (1)",
        "action_flag": 2,
        "change_message": "[{\"changed\": {\"fields\": [\"Address\"]}}]"
    }
},
{
    "model": "admin.logentry",
    "pk": 90,
    "fields": {
        "action_time": "2022-12-02T16:35:30.991Z",
        "user": 1,
        "content_type": 12,
        "object_id": "2",
        "object_repr": "Venue object (2)",
        "action_flag": 2,
        "change_message": "[{\"changed\": {\"fields\": [\"Address\"]}}]"
    }
},
{
    "model": "admin.logentry",
    "pk": 91,
    "fields": {
        "action_time": "2022-12-02T16:36:06.123Z",
        "user": 1,
        "content_type": 12,
        "object_id": "3",
        "object_repr": "Venue object (3)",
        "action_flag": 2,
        "change_message": "[{\"changed\": {\"fields\": [\"Address\"]}}]"
    }
},
{
    "model": "admin.logentry",
    "pk": 92,
    "fields": {
        "action_time": "2022-12-02T16:36:46.875Z",
        "user": 1,
        "content_type": 12,
        "object_id": "1",
        "object_repr": "Venue object (1)",
        "action_flag": 2,
        "change_message": "[{\"changed\": {\"fields\": [\"Address\"]}}]"
    }
},
{
    "model": "admin.logentry",
    "pk": 93,
    "fields": {
        "action_time": "2022-12-02T16:37:15.874Z",
        "user": 1,
        "content_type": 12,
        "object_id": "2",
        "object_repr": "Venue object (2)",
        "action_flag": 2,
        "change_message": "[{\"changed\": {\"fields\": [\"Address\"]}}]"
    }
},
{
    "model": "admin.logentry",
    "pk": 94,
    "fields": {
        "action_time": "2022-12-02T16:37:35.280Z",
        "user": 1,
        "content_type": 12,
        "object_id": "4",
        "object_repr": "Venue object (4)",
        "action_flag": 2,
        "change_message": "[{\"changed\": {\"fields\": [\"Address\"]}}]"
    }
},
{
    "model": "admin.logentry",
    "pk": 95,
    "fields": {
        "action_time": "2022-12-02T16:38:10.419Z",
        "user": 1,
        "content_type": 12,
        "object_id": "5",
        "object_repr": "Venue object (5)",
        "action_flag": 2,
        "change_message": "[{\"changed\": {\"fields\": [\"Address\"]}}]"
    }
},
{
    "model": "admin.logentry",
    "pk": 96,
    "fields": {
        "action_time": "2022-12-02T16:38:35.608Z",
        "user": 1,
        "content_type": 12,
        "object_id": "6",
        "object_repr": "Venue object (6)",
        "action_flag": 2,
        "change_message": "[{\"changed\": {\"fields\": [\"Address\"]}}]"
    }
},
{
    "model": "admin.logentry",
    "pk": 97,
    "fields": {
        "action_time": "2022-12-02T16:39:02.576Z",
        "user": 1,
        "content_type": 12,
        "object_id": "7",
        "object_repr": "Venue object (7)",
        "action_flag": 1,
        "change_message": "[{\"added\": {}}]"
    }
},
{
    "model": "admin.logentry",
    "pk": 98,
    "fields": {
        "action_time": "2022-12-02T16:40:26.507Z",
        "user": 1,
        "content_type": 12,
        "object_id": "8",
        "object_repr": "Venue object (8)",
        "action_flag": 1,
        "change_message": "[{\"added\": {}}]"
    }
},
{
    "model": "admin.logentry",
    "pk": 99,
    "fields": {
        "action_time": "2022-12-05T19:22:48.151Z",
        "user": 1,
        "content_type": 6,
        "object_id": "2",
        "object_repr": "Logan Hall",
        "action_flag": 2,
        "change_message": "[]"
    }
},
{
    "model": "admin.logentry",
    "pk": 100,
    "fields": {
        "action_time": "2022-12-05T19:24:13.073Z",
        "user": 1,
        "content_type": 6,
        "object_id": "6",
        "object_repr": "test test",
        "action_flag": 1,
        "change_message": "[{\"added\": {}}]"
    }
},
{
    "model": "admin.logentry",
    "pk": 101,
    "fields": {
        "action_time": "2022-12-07T20:32:38.289Z",
        "user": 1,
        "content_type": 13,
        "object_id": "2",
        "object_repr": "Team Result: +2 and - 3",
        "action_flag": 1,
        "change_message": "[{\"added\": {}}]"
    }
},
{
    "model": "admin.logentry",
    "pk": 102,
    "fields": {
        "action_time": "2022-12-07T20:33:05.803Z",
        "user": 1,
        "content_type": 14,
        "object_id": "1",
        "object_repr": "Team_Games object (1)",
        "action_flag": 1,
        "change_message": "[{\"added\": {}}]"
    }
},
{
    "model": "admin.logentry",
    "pk": 103,
    "fields": {
        "action_time": "2022-12-07T20:33:13.745Z",
        "user": 1,
        "content_type": 14,
        "object_id": "2",
        "object_repr": "Team_Games object (2)",
        "action_flag": 1,
        "change_message": "[{\"added\": {}}]"
    }
},
{
    "model": "admin.logentry",
    "pk": 104,
    "fields": {
        "action_time": "2022-12-07T20:34:15.233Z",
        "user": 1,
        "content_type": 13,
        "object_id": "3",
        "object_repr": "Team Result: +1 and - 1",
        "action_flag": 1,
        "change_message": "[{\"added\": {}}]"
    }
},
{
    "model": "admin.logentry",
    "pk": 105,
    "fields": {
        "action_time": "2022-12-07T20:34:22.054Z",
        "user": 1,
        "content_type": 13,
        "object_id": "4",
        "object_repr": "Team Result: +1 and - 1",
        "action_flag": 1,
        "change_message": "[{\"added\": {}}]"
    }
},
{
    "model": "admin.logentry",
    "pk": 106,
    "fields": {
        "action_time": "2022-12-07T20:34:39.858Z",
        "user": 1,
        "content_type": 14,
        "object_id": "3",
        "object_repr": "Team_Games object (3)",
        "action_flag": 1,
        "change_message": "[{\"added\": {}}]"
    }
},
{
    "model": "admin.logentry",
    "pk": 107,
    "fields": {
        "action_time": "2022-12-07T20:34:46.738Z",
        "user": 1,
        "content_type": 14,
        "object_id": "4",
        "object_repr": "Team_Games object (4)",
        "action_flag": 1,
        "change_message": "[{\"added\": {}}]"
    }
},
{
    "model": "admin.logentry",
    "pk": 108,
    "fields": {
        "action_time": "2022-12-07T20:35:35.593Z",
        "user": 1,
        "content_type": 13,
        "object_id": "5",
        "object_repr": "Team Result: +3 and - 0",
        "action_flag": 1,
        "change_message": "[{\"added\": {}}]"
    }
},
{
    "model": "admin.logentry",
    "pk": 109,
    "fields": {
        "action_time": "2022-12-07T20:35:44.112Z",
        "user": 1,
        "content_type": 13,
        "object_id": "6",
        "object_repr": "Team Result: +0 and - 3",
        "action_flag": 1,
        "change_message": "[{\"added\": {}}]"
    }
},
{
    "model": "admin.logentry",
    "pk": 110,
    "fields": {
        "action_time": "2022-12-07T20:35:56.363Z",
        "user": 1,
        "content_type": 14,
        "object_id": "5",
        "object_repr": "Team_Games object (5)",
        "action_flag": 1,
        "change_message": "[{\"added\": {}}]"
    }
},
{
    "model": "admin.logentry",
    "pk": 111,
    "fields": {
        "action_time": "2022-12-07T20:36:10.905Z",
        "user": 1,
        "content_type": 14,
        "object_id": "6",
        "object_repr": "Team_Games object (6)",
        "action_flag": 1,
        "change_message": "[{\"added\": {}}]"
    }
},
{
    "model": "admin.logentry",
    "pk": 112,
    "fields": {
        "action_time": "2022-12-07T20:54:14.539Z",
        "user": 1,
        "content_type": 13,
        "object_id": "1",
        "object_repr": "Team Result: + 3 and - 2",
        "action_flag": 2,
        "change_message": "[]"
    }
},
{
    "model": "admin.logentry",
    "pk": 113,
    "fields": {
        "action_time": "2022-12-08T21:20:45.627Z",
        "user": 1,
        "content_type": 10,
        "object_id": "1",
        "object_repr": "Qatari",
        "action_flag": 2,
        "change_message": "[{\"changed\": {\"fields\": [\"Nationality\"]}}]"
    }
},
{
    "model": "admin.logentry",
    "pk": 114,
    "fields": {
        "action_time": "2022-12-08T21:21:03.405Z",
        "user": 1,
        "content_type": 10,
        "object_id": "2",
        "object_repr": "Senegalese",
        "action_flag": 2,
        "change_message": "[{\"changed\": {\"fields\": [\"Nationality\"]}}]"
    }
},
{
    "model": "admin.logentry",
    "pk": 115,
    "fields": {
        "action_time": "2022-12-08T21:21:20.123Z",
        "user": 1,
        "content_type": 10,
        "object_id": "3",
        "object_repr": "Ecuadorian",
        "action_flag": 2,
        "change_message": "[{\"changed\": {\"fields\": [\"Nationality\"]}}]"
    }
},
{
    "model": "admin.logentry",
    "pk": 116,
    "fields": {
        "action_time": "2022-12-08T21:21:28.124Z",
        "user": 1,
        "content_type": 10,
        "object_id": "4",
        "object_repr": "Du",
        "action_flag": 2,
        "change_message": "[{\"changed\": {\"fields\": [\"Nationality\"]}}]"
    }
},
{
    "model": "admin.logentry",
    "pk": 117,
    "fields": {
        "action_time": "2022-12-08T21:21:33.259Z",
        "user": 1,
        "content_type": 10,
        "object_id": "4",
        "object_repr": "Dutch",
        "action_flag": 2,
        "change_message": "[{\"changed\": {\"fields\": [\"Nationality\"]}}]"
    }
},
{
    "model": "admin.logentry",
    "pk": 118,
    "fields": {
        "action_time": "2022-12-08T21:22:45.847Z",
        "user": 1,
        "content_type": 8,
        "object_id": "21",
        "object_repr": "Player: Memphis Depay, Position Forward. ",
        "action_flag": 2,
        "change_message": "[{\"changed\": {\"fields\": [\"Nationality id\"]}}]"
    }
},
{
    "model": "admin.logentry",
    "pk": 119,
    "fields": {
        "action_time": "2022-12-08T21:22:54.165Z",
        "user": 1,
        "content_type": 8,
        "object_id": "25",
        "object_repr": "Player: Saad Al-Sheeb, Position Goal Keeper. ",
        "action_flag": 2,
        "change_message": "[{\"changed\": {\"fields\": [\"Nationality id\"]}}]"
    }
},
{
    "model": "admin.logentry",
    "pk": 120,
    "fields": {
        "action_time": "2022-12-08T21:23:05.968Z",
        "user": 1,
        "content_type": 8,
        "object_id": "26",
        "object_repr": "Player: Jeremy Sarmiento, Position Mid-Fielder. ",
        "action_flag": 2,
        "change_message": "[{\"changed\": {\"fields\": [\"Nationality id\"]}}]"
    }
},
{
    "model": "admin.logentry",
    "pk": 121,
    "fields": {
        "action_time": "2022-12-08T21:23:36.102Z",
        "user": 1,
        "content_type": 8,
        "object_id": "27",
        "object_repr": "Player: Kalidou Koulibaly, Position Defender. ",
        "action_flag": 2,
        "change_message": "[{\"changed\": {\"fields\": [\"Nationality id\"]}}]"
    }
},
{
    "model": "admin.logentry",
    "pk": 122,
    "fields": {
        "action_time": "2022-12-08T21:23:43.171Z",
        "user": 1,
        "content_type": 8,
        "object_id": "29",
        "object_repr": "Player: Frenkie de Jong, Position Mid-Fielder. ",
        "action_flag": 2,
        "change_message": "[{\"changed\": {\"fields\": [\"Nationality id\"]}}]"
    }
},
{
    "model": "admin.logentry",
    "pk": 123,
    "fields": {
        "action_time": "2022-12-08T21:23:49.815Z",
        "user": 1,
        "content_type": 8,
        "object_id": "31",
        "object_repr": "Player: Virgil van Dijk, Position Defender. ",
        "action_flag": 2,
        "change_message": "[{\"changed\": {\"fields\": [\"Nationality id\"]}}]"
    }
},
{
    "model": "admin.logentry",
    "pk": 124,
    "fields": {
        "action_time": "2022-12-08T21:23:55.823Z",
        "user": 1,
        "content_type": 8,
        "object_id": "31",
        "object_repr": "Player: Virgil van Dijk, Position Defender. ",
        "action_flag": 2,
        "change_message": "[]"
    }
},
{
    "model": "admin.logentry",
    "pk": 125,
    "fields": {
        "action_time": "2022-12-08T21:24:02.937Z",
        "user": 1,
        "content_type": 8,
        "object_id": "32",
        "object_repr": "Player: Justin Bijlow, Position Goal Keeper. ",
        "action_flag": 2,
        "change_message": "[{\"changed\": {\"fields\": [\"Nationality id\"]}}]"
    }
},
{
    "model": "admin.logentry",
    "pk": 126,
    "fields": {
        "action_time": "2022-12-08T21:24:12.762Z",
        "user": 1,
        "content_type": 8,
        "object_id": "33",
        "object_repr": "Player: Hassan Al-Haydos, Position Mid-Fielder. ",
        "action_flag": 2,
        "change_message": "[{\"changed\": {\"fields\": [\"Nationality id\"]}}]"
    }
},
{
    "model": "admin.logentry",
    "pk": 127,
    "fields": {
        "action_time": "2022-12-08T21:24:18.968Z",
        "user": 1,
        "content_type": 8,
        "object_id": "34",
        "object_repr": "Player: Almoez Ali, Position Forward. ",
        "action_flag": 2,
        "change_message": "[{\"changed\": {\"fields\": [\"Nationality id\"]}}]"
    }
},
{
    "model": "admin.logentry",
    "pk": 128,
    "fields": {
        "action_time": "2022-12-08T21:24:36.858Z",
        "user": 1,
        "content_type": 8,
        "object_id": "35",
        "object_repr": "Player: Boualem Khoukhi, Position Defender. ",
        "action_flag": 2,
        "change_message": "[{\"changed\": {\"fields\": [\"Nationality id\"]}}]"
    }
},
{
    "model": "admin.logentry",
    "pk": 129,
    "fields": {
        "action_time": "2022-12-08T21:25:02.718Z",
        "user": 1,
        "content_type": 8,
        "object_id": "35",
        "object_repr": "Player: Boualem Khoukhi, Position Defender. ",
        "action_flag": 2,
        "change_message": "[]"
    }
},
{
    "model": "admin.logentry",
    "pk": 130,
    "fields": {
        "action_time": "2022-12-08T21:25:11.153Z",
        "user": 1,
        "content_type": 8,
        "object_id": "35",
        "object_repr": "Player: Boualem Khoukhi, Position Defender. ",
        "action_flag": 2,
        "change_message": "[]"
    }
},
{
    "model": "admin.logentry",
    "pk": 131,
    "fields": {
        "action_time": "2022-12-08T21:25:17.098Z",
        "user": 1,
        "content_type": 8,
        "object_id": "36",
        "object_repr": "Player: Pervis Estupinan, Position Defender. ",
        "action_flag": 2,
        "change_message": "[{\"changed\": {\"fields\": [\"Nationality id\"]}}]"
    }
},
{
    "model": "admin.logentry",
    "pk": 132,
    "fields": {
        "action_time": "2022-12-08T21:25:25.212Z",
        "user": 1,
        "content_type": 8,
        "object_id": "37",
        "object_repr": "Player: Alexander Dominguez, Position Goal Keeper. ",
        "action_flag": 2,
        "change_message": "[{\"changed\": {\"fields\": [\"Nationality id\"]}}]"
    }
},
{
    "model": "admin.logentry",
    "pk": 133,
    "fields": {
        "action_time": "2022-12-08T21:25:32.340Z",
        "user": 1,
        "content_type": 8,
        "object_id": "38",
        "object_repr": "Player: Enner Valencia, Position Forward. ",
        "action_flag": 2,
        "change_message": "[{\"changed\": {\"fields\": [\"Nationality id\"]}}]"
    }
},
{
    "model": "admin.logentry",
    "pk": 134,
    "fields": {
        "action_time": "2022-12-08T21:25:38.618Z",
        "user": 1,
        "content_type": 8,
        "object_id": "39",
        "object_repr": "Player: Bamba Dieng, Position Forward. ",
        "action_flag": 2,
        "change_message": "[{\"changed\": {\"fields\": [\"Nationality id\"]}}]"
    }
},
{
    "model": "admin.logentry",
    "pk": 135,
    "fields": {
        "action_time": "2022-12-08T21:25:45.392Z",
        "user": 1,
        "content_type": 8,
        "object_id": "40",
        "object_repr": "Player: Sadio Mane, Position Forward. ",
        "action_flag": 2,
        "change_message": "[{\"changed\": {\"fields\": [\"Nationality id\"]}}]"
    }
},
{
    "model": "admin.logentry",
    "pk": 136,
    "fields": {
        "action_time": "2022-12-08T21:25:50.927Z",
        "user": 1,
        "content_type": 8,
        "object_id": "41",
        "object_repr": "Player: Pape Matar Sarr, Position Mid-Fielder. ",
        "action_flag": 2,
        "change_message": "[{\"changed\": {\"fields\": [\"Nationality id\"]}}]"
    }
},
{
    "model": "admin.logentry",
    "pk": 137,
    "fields": {
        "action_time": "2022-12-08T21:25:57.032Z",
        "user": 1,
        "content_type": 8,
        "object_id": "41",
        "object_repr": "Player: Pape Matar Sarr, Position Mid-Fielder. ",
        "action_flag": 2,
        "change_message": "[]"
    }
},
{
    "model": "admin.logentry",
    "pk": 138,
    "fields": {
        "action_time": "2022-12-08T21:26:03.060Z",
        "user": 1,
        "content_type": 8,
        "object_id": "42",
        "object_repr": "Player: Edouard Mendy, Position Goal Keeper. ",
        "action_flag": 2,
        "change_message": "[{\"changed\": {\"fields\": [\"Nationality id\"]}}]"
    }
},
{
    "model": "admin.logentry",
    "pk": 139,
    "fields": {
        "action_time": "2022-12-08T21:26:13.673Z",
        "user": 1,
        "content_type": 8,
        "object_id": "43",
        "object_repr": "Player: Kalidou Koulibaly2, Position Defender. ",
        "action_flag": 3,
        "change_message": ""
    }
},
{
    "model": "admin.logentry",
    "pk": 140,
    "fields": {
        "action_time": "2022-12-08T21:35:04.656Z",
        "user": 1,
        "content_type": 7,
        "object_id": "1",
        "object_repr": "Qatar",
        "action_flag": 2,
        "change_message": "[{\"changed\": {\"fields\": [\"User id\"]}}]"
    }
},
{
    "model": "admin.logentry",
    "pk": 141,
    "fields": {
        "action_time": "2022-12-08T22:57:50.796Z",
        "user": 1,
        "content_type": 6,
        "object_id": "11",
        "object_repr": " ",
        "action_flag": 3,
        "change_message": ""
    }
},
{
    "model": "admin.logentry",
    "pk": 142,
    "fields": {
        "action_time": "2022-12-08T22:57:50.798Z",
        "user": 1,
        "content_type": 6,
        "object_id": "10",
        "object_repr": " ",
        "action_flag": 3,
        "change_message": ""
    }
},
{
    "model": "admin.logentry",
    "pk": 143,
    "fields": {
        "action_time": "2022-12-08T22:57:50.799Z",
        "user": 1,
        "content_type": 6,
        "object_id": "9",
        "object_repr": " ",
        "action_flag": 3,
        "change_message": ""
    }
},
{
    "model": "admin.logentry",
    "pk": 144,
    "fields": {
        "action_time": "2022-12-08T22:57:50.801Z",
        "user": 1,
        "content_type": 6,
        "object_id": "8",
        "object_repr": " ",
        "action_flag": 3,
        "change_message": ""
    }
},
{
    "model": "admin.logentry",
    "pk": 145,
    "fields": {
        "action_time": "2022-12-08T22:57:50.802Z",
        "user": 1,
        "content_type": 6,
        "object_id": "7",
        "object_repr": " ",
        "action_flag": 3,
        "change_message": ""
    }
},
{
    "model": "admin.logentry",
    "pk": 146,
    "fields": {
        "action_time": "2022-12-08T22:57:57.211Z",
        "user": 1,
        "content_type": 6,
        "object_id": "14",
        "object_repr": "justin justin",
        "action_flag": 3,
        "change_message": ""
    }
},
{
    "model": "admin.logentry",
    "pk": 147,
    "fields": {
        "action_time": "2022-12-09T15:30:41.749Z",
        "user": 1,
        "content_type": 8,
        "object_id": "46",
        "object_repr": "Player: testing, Position Forward. ",
        "action_flag": 3,
        "change_message": ""
    }
},
{
    "model": "admin.logentry",
    "pk": 148,
    "fields": {
        "action_time": "2022-12-09T15:39:55.150Z",
        "user": 1,
        "content_type": 7,
        "object_id": "3",
        "object_repr": "Ecuadar",
        "action_flag": 2,
        "change_message": "[{\"changed\": {\"fields\": [\"Team name\"]}}]"
    }
},
{
    "model": "admin.logentry",
    "pk": 149,
    "fields": {
        "action_time": "2022-12-10T17:32:02.070Z",
        "user": 1,
        "content_type": 8,
        "object_id": "49",
        "object_repr": "Player: test, Position Forward. ",
        "action_flag": 3,
        "change_message": ""
    }
},
{
    "model": "admin.logentry",
    "pk": 150,
    "fields": {
        "action_time": "2022-12-10T17:32:02.072Z",
        "user": 1,
        "content_type": 8,
        "object_id": "48",
        "object_repr": "Player: tester, Position Mid-Fielder. ",
        "action_flag": 3,
        "change_message": ""
    }
},
{
    "model": "admin.logentry",
    "pk": 151,
    "fields": {
        "action_time": "2022-12-10T17:32:02.073Z",
        "user": 1,
        "content_type": 8,
        "object_id": "47",
        "object_repr": "Player: test, Position Forward. ",
        "action_flag": 3,
        "change_message": ""
    }
},
{
    "model": "admin.logentry",
    "pk": 152,
    "fields": {
        "action_time": "2022-12-10T22:21:19.268Z",
        "user": 1,
        "content_type": 8,
        "object_id": "52",
        "object_repr": "Player: tester, Position Forward. ",
        "action_flag": 3,
        "change_message": ""
    }
},
{
    "model": "admin.logentry",
    "pk": 153,
    "fields": {
        "action_time": "2022-12-10T22:21:19.271Z",
        "user": 1,
        "content_type": 8,
        "object_id": "51",
        "object_repr": "Player: test, Position Forward. ",
        "action_flag": 3,
        "change_message": ""
    }
},
{
    "model": "admin.logentry",
    "pk": 154,
    "fields": {
        "action_time": "2022-12-10T22:59:30.980Z",
        "user": 1,
        "content_type": 8,
        "object_id": "60",
        "object_repr": "Player: gigi, Position Defender. ",
        "action_flag": 3,
        "change_message": ""
    }
},
{
    "model": "admin.logentry",
    "pk": 155,
    "fields": {
        "action_time": "2022-12-10T22:59:30.981Z",
        "user": 1,
        "content_type": 8,
        "object_id": "59",
        "object_repr": "Player: wingus, Position Goal Keeper. ",
        "action_flag": 3,
        "change_message": ""
    }
},
{
    "model": "admin.logentry",
    "pk": 156,
    "fields": {
        "action_time": "2022-12-10T22:59:30.982Z",
        "user": 1,
        "content_type": 8,
        "object_id": "58",
        "object_repr": "Player: zachary wingus, Position Mid-Fielder. ",
        "action_flag": 3,
        "change_message": ""
    }
},
{
    "model": "admin.logentry",
    "pk": 157,
    "fields": {
        "action_time": "2022-12-10T22:59:30.983Z",
        "user": 1,
        "content_type": 8,
        "object_id": "57",
        "object_repr": "Player: asdfasdf, Position Forward. ",
        "action_flag": 3,
        "change_message": ""
    }
},
{
    "model": "admin.logentry",
    "pk": 158,
    "fields": {
        "action_time": "2022-12-10T22:59:30.984Z",
        "user": 1,
        "content_type": 8,
        "object_id": "56",
        "object_repr": "Player: hello, Position Mid-Fielder. ",
        "action_flag": 3,
        "change_message": ""
    }
},
{
    "model": "admin.logentry",
    "pk": 159,
    "fields": {
        "action_time": "2022-12-10T22:59:30.985Z",
        "user": 1,
        "content_type": 8,
        "object_id": "55",
        "object_repr": "Player: tomm, Position Mid-Fielder. ",
        "action_flag": 3,
        "change_message": ""
    }
},
{
    "model": "admin.logentry",
    "pk": 160,
    "fields": {
        "action_time": "2022-12-10T22:59:30.986Z",
        "user": 1,
        "content_type": 8,
        "object_id": "54",
        "object_repr": "Player: test, Position Mid-Fielder. ",
        "action_flag": 3,
        "change_message": ""
    }
},
{
    "model": "admin.logentry",
    "pk": 161,
    "fields": {
        "action_time": "2022-12-10T22:59:30.987Z",
        "user": 1,
        "content_type": 8,
        "object_id": "53",
        "object_repr": "Player: yreawr, Position Forward. ",
        "action_flag": 3,
        "change_message": ""
    }
},
{
    "model": "admin.logentry",
    "pk": 162,
    "fields": {
        "action_time": "2022-12-11T00:26:52.481Z",
        "user": 1,
        "content_type": 8,
        "object_id": "92",
        "object_repr": "Player: tesr21, Position Forward. ",
        "action_flag": 3,
        "change_message": ""
    }
},
{
    "model": "admin.logentry",
    "pk": 163,
    "fields": {
        "action_time": "2022-12-11T00:26:52.483Z",
        "user": 1,
        "content_type": 8,
        "object_id": "91",
        "object_repr": "Player: ellijah, Position Mid-Fielder. ",
        "action_flag": 3,
        "change_message": ""
    }
},
{
    "model": "admin.logentry",
    "pk": 164,
    "fields": {
        "action_time": "2022-12-11T00:26:52.484Z",
        "user": 1,
        "content_type": 8,
        "object_id": "90",
        "object_repr": "Player: best try, Position Forward. ",
        "action_flag": 3,
        "change_message": ""
    }
},
{
    "model": "admin.logentry",
    "pk": 165,
    "fields": {
        "action_time": "2022-12-11T00:26:52.485Z",
        "user": 1,
        "content_type": 8,
        "object_id": "89",
        "object_repr": "Player: test123, Position Forward. ",
        "action_flag": 3,
        "change_message": ""
    }
},
{
    "model": "admin.logentry",
    "pk": 166,
    "fields": {
        "action_time": "2022-12-11T00:26:52.486Z",
        "user": 1,
        "content_type": 8,
        "object_id": "88",
        "object_repr": "Player: dasadsf, Position Defender. ",
        "action_flag": 3,
        "change_message": ""
    }
},
{
    "model": "admin.logentry",
    "pk": 167,
    "fields": {
        "action_time": "2022-12-11T00:26:52.487Z",
        "user": 1,
        "content_type": 8,
        "object_id": "87",
        "object_repr": "Player: test245, Position Mid-Fielder. ",
        "action_flag": 3,
        "change_message": ""
    }
},
{
    "model": "admin.logentry",
    "pk": 168,
    "fields": {
        "action_time": "2022-12-11T00:26:52.488Z",
        "user": 1,
        "content_type": 8,
        "object_id": "86",
        "object_repr": "Player: test24, Position Mid-Fielder. ",
        "action_flag": 3,
        "change_message": ""
    }
},
{
    "model": "admin.logentry",
    "pk": 169,
    "fields": {
        "action_time": "2022-12-11T00:26:52.489Z",
        "user": 1,
        "content_type": 8,
        "object_id": "85",
        "object_repr": "Player: test23, Position Mid-Fielder. ",
        "action_flag": 3,
        "change_message": ""
    }
},
{
    "model": "admin.logentry",
    "pk": 170,
    "fields": {
        "action_time": "2022-12-11T00:26:52.489Z",
        "user": 1,
        "content_type": 8,
        "object_id": "84",
        "object_repr": "Player: hello, Position Defender. ",
        "action_flag": 3,
        "change_message": ""
    }
},
{
    "model": "admin.logentry",
    "pk": 171,
    "fields": {
        "action_time": "2022-12-11T00:26:52.490Z",
        "user": 1,
        "content_type": 8,
        "object_id": "83",
        "object_repr": "Player: dylan, Position Forward. ",
        "action_flag": 3,
        "change_message": ""
    }
},
{
    "model": "admin.logentry",
    "pk": 172,
    "fields": {
        "action_time": "2022-12-11T00:26:52.491Z",
        "user": 1,
        "content_type": 8,
        "object_id": "82",
        "object_repr": "Player: hitting, Position Defender. ",
        "action_flag": 3,
        "change_message": ""
    }
},
{
    "model": "admin.logentry",
    "pk": 173,
    "fields": {
        "action_time": "2022-12-11T00:26:52.492Z",
        "user": 1,
        "content_type": 8,
        "object_id": "81",
        "object_repr": "Player: sadf, Position Forward. ",
        "action_flag": 3,
        "change_message": ""
    }
},
{
    "model": "admin.logentry",
    "pk": 174,
    "fields": {
        "action_time": "2022-12-11T00:26:52.493Z",
        "user": 1,
        "content_type": 8,
        "object_id": "80",
        "object_repr": "Player: fasdf, Position Defender. ",
        "action_flag": 3,
        "change_message": ""
    }
},
{
    "model": "admin.logentry",
    "pk": 175,
    "fields": {
        "action_time": "2022-12-11T00:26:52.494Z",
        "user": 1,
        "content_type": 8,
        "object_id": "79",
        "object_repr": "Player: rrr, Position Defender. ",
        "action_flag": 3,
        "change_message": ""
    }
},
{
    "model": "admin.logentry",
    "pk": 176,
    "fields": {
        "action_time": "2022-12-11T00:26:52.495Z",
        "user": 1,
        "content_type": 8,
        "object_id": "78",
        "object_repr": "Player: gho, Position Mid-Fielder. ",
        "action_flag": 3,
        "change_message": ""
    }
},
{
    "model": "admin.logentry",
    "pk": 177,
    "fields": {
        "action_time": "2022-12-11T00:26:52.496Z",
        "user": 1,
        "content_type": 8,
        "object_id": "77",
        "object_repr": "Player: sdfhg, Position Forward. ",
        "action_flag": 3,
        "change_message": ""
    }
},
{
    "model": "admin.logentry",
    "pk": 178,
    "fields": {
        "action_time": "2022-12-11T00:26:52.497Z",
        "user": 1,
        "content_type": 8,
        "object_id": "76",
        "object_repr": "Player: ttt, Position Forward. ",
        "action_flag": 3,
        "change_message": ""
    }
},
{
    "model": "admin.logentry",
    "pk": 179,
    "fields": {
        "action_time": "2022-12-11T00:26:52.498Z",
        "user": 1,
        "content_type": 8,
        "object_id": "75",
        "object_repr": "Player: ret, Position Mid-Fielder. ",
        "action_flag": 3,
        "change_message": ""
    }
},
{
    "model": "admin.logentry",
    "pk": 180,
    "fields": {
        "action_time": "2022-12-11T00:26:52.499Z",
        "user": 1,
        "content_type": 8,
        "object_id": "74",
        "object_repr": "Player: eee, Position Mid-Fielder. ",
        "action_flag": 3,
        "change_message": ""
    }
},
{
    "model": "admin.logentry",
    "pk": 181,
    "fields": {
        "action_time": "2022-12-11T00:26:52.499Z",
        "user": 1,
        "content_type": 8,
        "object_id": "73",
        "object_repr": "Player: twitty, Position Mid-Fielder. ",
        "action_flag": 3,
        "change_message": ""
    }
},
{
    "model": "admin.logentry",
    "pk": 182,
    "fields": {
        "action_time": "2022-12-11T00:26:52.500Z",
        "user": 1,
        "content_type": 8,
        "object_id": "72",
        "object_repr": "Player: lossser, Position Forward. ",
        "action_flag": 3,
        "change_message": ""
    }
},
{
    "model": "admin.logentry",
    "pk": 183,
    "fields": {
        "action_time": "2022-12-11T00:26:52.501Z",
        "user": 1,
        "content_type": 8,
        "object_id": "71",
        "object_repr": "Player: ee, Position Mid-Fielder. ",
        "action_flag": 3,
        "change_message": ""
    }
},
{
    "model": "admin.logentry",
    "pk": 184,
    "fields": {
        "action_time": "2022-12-11T00:26:52.502Z",
        "user": 1,
        "content_type": 8,
        "object_id": "70",
        "object_repr": "Player: loser, Position Mid-Fielder. ",
        "action_flag": 3,
        "change_message": ""
    }
},
{
    "model": "admin.logentry",
    "pk": 185,
    "fields": {
        "action_time": "2022-12-11T00:26:52.503Z",
        "user": 1,
        "content_type": 8,
        "object_id": "69",
        "object_repr": "Player: ghost, Position Mid-Fielder. ",
        "action_flag": 3,
        "change_message": ""
    }
},
{
    "model": "admin.logentry",
    "pk": 186,
    "fields": {
        "action_time": "2022-12-11T00:26:52.504Z",
        "user": 1,
        "content_type": 8,
        "object_id": "68",
        "object_repr": "Player: teersg, Position Goal Keeper. ",
        "action_flag": 3,
        "change_message": ""
    }
},
{
    "model": "admin.logentry",
    "pk": 187,
    "fields": {
        "action_time": "2022-12-11T00:26:52.504Z",
        "user": 1,
        "content_type": 8,
        "object_id": "67",
        "object_repr": "Player: fityrwtws, Position Mid-Fielder. ",
        "action_flag": 3,
        "change_message": ""
    }
},
{
    "model": "admin.logentry",
    "pk": 188,
    "fields": {
        "action_time": "2022-12-11T00:26:52.505Z",
        "user": 1,
        "content_type": 8,
        "object_id": "66",
        "object_repr": "Player: adfgdas, Position Mid-Fielder. ",
        "action_flag": 3,
        "change_message": ""
    }
},
{
    "model": "admin.logentry",
    "pk": 189,
    "fields": {
        "action_time": "2022-12-11T00:26:52.506Z",
        "user": 1,
        "content_type": 8,
        "object_id": "65",
        "object_repr": "Player: teddy, Position Mid-Fielder. ",
        "action_flag": 3,
        "change_message": ""
    }
},
{
    "model": "admin.logentry",
    "pk": 190,
    "fields": {
        "action_time": "2022-12-11T00:26:52.507Z",
        "user": 1,
        "content_type": 8,
        "object_id": "63",
        "object_repr": "Player: tommy bahamma, Position Mid-Fielder. ",
        "action_flag": 3,
        "change_message": ""
    }
},
{
    "model": "admin.logentry",
    "pk": 191,
    "fields": {
        "action_time": "2022-12-11T00:26:52.508Z",
        "user": 1,
        "content_type": 8,
        "object_id": "62",
        "object_repr": "Player: tester, Position Mid-Fielder. ",
        "action_flag": 3,
        "change_message": ""
    }
},
{
    "model": "admin.logentry",
    "pk": 192,
    "fields": {
        "action_time": "2022-12-11T00:26:52.509Z",
        "user": 1,
        "content_type": 8,
        "object_id": "61",
        "object_repr": "Player: Alex, Position Mid-Fielder. ",
        "action_flag": 3,
        "change_message": ""
    }
},
{
    "model": "admin.logentry",
    "pk": 193,
    "fields": {
        "action_time": "2022-12-11T22:21:06.826Z",
        "user": 1,
        "content_type": 7,
        "object_id": "4",
        "object_repr": "Netherlands",
        "action_flag": 2,
        "change_message": "[{\"changed\": {\"fields\": [\"Goals scored\", \"Goals lost\", \"Goal dif\"]}}]"
    }
},
{
    "model": "admin.logentry",
    "pk": 194,
    "fields": {
        "action_time": "2022-12-11T22:21:24.136Z",
        "user": 1,
        "content_type": 7,
        "object_id": "3",
        "object_repr": "Ecuadar",
        "action_flag": 2,
        "change_message": "[{\"changed\": {\"fields\": [\"Goals scored\", \"Goals lost\", \"Goal dif\"]}}]"
    }
},
{
    "model": "admin.logentry",
    "pk": 195,
    "fields": {
        "action_time": "2022-12-11T22:21:41.806Z",
        "user": 1,
        "content_type": 7,
        "object_id": "2",
        "object_repr": "Senagal",
        "action_flag": 2,
        "change_message": "[{\"changed\": {\"fields\": [\"Goals scored\", \"Goals lost\", \"Goal dif\"]}}]"
    }
},
{
    "model": "admin.logentry",
    "pk": 196,
    "fields": {
        "action_time": "2022-12-11T22:21:55.337Z",
        "user": 1,
        "content_type": 7,
        "object_id": "1",
        "object_repr": "Qatar",
        "action_flag": 2,
        "change_message": "[{\"changed\": {\"fields\": [\"Goals scored\", \"Goals lost\", \"Goal dif\"]}}]"
    }
},
{
    "model": "auth.permission",
    "pk": 1,
    "fields": {
        "name": "Can add log entry",
        "content_type": 1,
        "codename": "add_logentry"
    }
},
{
    "model": "auth.permission",
    "pk": 2,
    "fields": {
        "name": "Can change log entry",
        "content_type": 1,
        "codename": "change_logentry"
    }
},
{
    "model": "auth.permission",
    "pk": 3,
    "fields": {
        "name": "Can delete log entry",
        "content_type": 1,
        "codename": "delete_logentry"
    }
},
{
    "model": "auth.permission",
    "pk": 4,
    "fields": {
        "name": "Can view log entry",
        "content_type": 1,
        "codename": "view_logentry"
    }
},
{
    "model": "auth.permission",
    "pk": 5,
    "fields": {
        "name": "Can add permission",
        "content_type": 2,
        "codename": "add_permission"
    }
},
{
    "model": "auth.permission",
    "pk": 6,
    "fields": {
        "name": "Can change permission",
        "content_type": 2,
        "codename": "change_permission"
    }
},
{
    "model": "auth.permission",
    "pk": 7,
    "fields": {
        "name": "Can delete permission",
        "content_type": 2,
        "codename": "delete_permission"
    }
},
{
    "model": "auth.permission",
    "pk": 8,
    "fields": {
        "name": "Can view permission",
        "content_type": 2,
        "codename": "view_permission"
    }
},
{
    "model": "auth.permission",
    "pk": 9,
    "fields": {
        "name": "Can add group",
        "content_type": 3,
        "codename": "add_group"
    }
},
{
    "model": "auth.permission",
    "pk": 10,
    "fields": {
        "name": "Can change group",
        "content_type": 3,
        "codename": "change_group"
    }
},
{
    "model": "auth.permission",
    "pk": 11,
    "fields": {
        "name": "Can delete group",
        "content_type": 3,
        "codename": "delete_group"
    }
},
{
    "model": "auth.permission",
    "pk": 12,
    "fields": {
        "name": "Can view group",
        "content_type": 3,
        "codename": "view_group"
    }
},
{
    "model": "auth.permission",
    "pk": 13,
    "fields": {
        "name": "Can add content type",
        "content_type": 4,
        "codename": "add_contenttype"
    }
},
{
    "model": "auth.permission",
    "pk": 14,
    "fields": {
        "name": "Can change content type",
        "content_type": 4,
        "codename": "change_contenttype"
    }
},
{
    "model": "auth.permission",
    "pk": 15,
    "fields": {
        "name": "Can delete content type",
        "content_type": 4,
        "codename": "delete_contenttype"
    }
},
{
    "model": "auth.permission",
    "pk": 16,
    "fields": {
        "name": "Can view content type",
        "content_type": 4,
        "codename": "view_contenttype"
    }
},
{
    "model": "auth.permission",
    "pk": 17,
    "fields": {
        "name": "Can add session",
        "content_type": 5,
        "codename": "add_session"
    }
},
{
    "model": "auth.permission",
    "pk": 18,
    "fields": {
        "name": "Can change session",
        "content_type": 5,
        "codename": "change_session"
    }
},
{
    "model": "auth.permission",
    "pk": 19,
    "fields": {
        "name": "Can delete session",
        "content_type": 5,
        "codename": "delete_session"
    }
},
{
    "model": "auth.permission",
    "pk": 20,
    "fields": {
        "name": "Can view session",
        "content_type": 5,
        "codename": "view_session"
    }
},
{
    "model": "auth.permission",
    "pk": 21,
    "fields": {
        "name": "Can add user",
        "content_type": 6,
        "codename": "add_customuser"
    }
},
{
    "model": "auth.permission",
    "pk": 22,
    "fields": {
        "name": "Can change user",
        "content_type": 6,
        "codename": "change_customuser"
    }
},
{
    "model": "auth.permission",
    "pk": 23,
    "fields": {
        "name": "Can delete user",
        "content_type": 6,
        "codename": "delete_customuser"
    }
},
{
    "model": "auth.permission",
    "pk": 24,
    "fields": {
        "name": "Can view user",
        "content_type": 6,
        "codename": "view_customuser"
    }
},
{
    "model": "auth.permission",
    "pk": 25,
    "fields": {
        "name": "Can add team",
        "content_type": 7,
        "codename": "add_team"
    }
},
{
    "model": "auth.permission",
    "pk": 26,
    "fields": {
        "name": "Can change team",
        "content_type": 7,
        "codename": "change_team"
    }
},
{
    "model": "auth.permission",
    "pk": 27,
    "fields": {
        "name": "Can delete team",
        "content_type": 7,
        "codename": "delete_team"
    }
},
{
    "model": "auth.permission",
    "pk": 28,
    "fields": {
        "name": "Can view team",
        "content_type": 7,
        "codename": "view_team"
    }
},
{
    "model": "auth.permission",
    "pk": 29,
    "fields": {
        "name": "Can add player",
        "content_type": 8,
        "codename": "add_player"
    }
},
{
    "model": "auth.permission",
    "pk": 30,
    "fields": {
        "name": "Can change player",
        "content_type": 8,
        "codename": "change_player"
    }
},
{
    "model": "auth.permission",
    "pk": 31,
    "fields": {
        "name": "Can delete player",
        "content_type": 8,
        "codename": "delete_player"
    }
},
{
    "model": "auth.permission",
    "pk": 32,
    "fields": {
        "name": "Can view player",
        "content_type": 8,
        "codename": "view_player"
    }
},
{
    "model": "auth.permission",
    "pk": 33,
    "fields": {
        "name": "Can add position",
        "content_type": 9,
        "codename": "add_position"
    }
},
{
    "model": "auth.permission",
    "pk": 34,
    "fields": {
        "name": "Can change position",
        "content_type": 9,
        "codename": "change_position"
    }
},
{
    "model": "auth.permission",
    "pk": 35,
    "fields": {
        "name": "Can delete position",
        "content_type": 9,
        "codename": "delete_position"
    }
},
{
    "model": "auth.permission",
    "pk": 36,
    "fields": {
        "name": "Can view position",
        "content_type": 9,
        "codename": "view_position"
    }
},
{
    "model": "auth.permission",
    "pk": 37,
    "fields": {
        "name": "Can add nationality",
        "content_type": 10,
        "codename": "add_nationality"
    }
},
{
    "model": "auth.permission",
    "pk": 38,
    "fields": {
        "name": "Can change nationality",
        "content_type": 10,
        "codename": "change_nationality"
    }
},
{
    "model": "auth.permission",
    "pk": 39,
    "fields": {
        "name": "Can delete nationality",
        "content_type": 10,
        "codename": "delete_nationality"
    }
},
{
    "model": "auth.permission",
    "pk": 40,
    "fields": {
        "name": "Can view nationality",
        "content_type": 10,
        "codename": "view_nationality"
    }
},
{
    "model": "auth.permission",
    "pk": 41,
    "fields": {
        "name": "Can add team_players",
        "content_type": 11,
        "codename": "add_team_players"
    }
},
{
    "model": "auth.permission",
    "pk": 42,
    "fields": {
        "name": "Can change team_players",
        "content_type": 11,
        "codename": "change_team_players"
    }
},
{
    "model": "auth.permission",
    "pk": 43,
    "fields": {
        "name": "Can delete team_players",
        "content_type": 11,
        "codename": "delete_team_players"
    }
},
{
    "model": "auth.permission",
    "pk": 44,
    "fields": {
        "name": "Can view team_players",
        "content_type": 11,
        "codename": "view_team_players"
    }
},
{
    "model": "auth.permission",
    "pk": 45,
    "fields": {
        "name": "Can add venue",
        "content_type": 12,
        "codename": "add_venue"
    }
},
{
    "model": "auth.permission",
    "pk": 46,
    "fields": {
        "name": "Can change venue",
        "content_type": 12,
        "codename": "change_venue"
    }
},
{
    "model": "auth.permission",
    "pk": 47,
    "fields": {
        "name": "Can delete venue",
        "content_type": 12,
        "codename": "delete_venue"
    }
},
{
    "model": "auth.permission",
    "pk": 48,
    "fields": {
        "name": "Can view venue",
        "content_type": 12,
        "codename": "view_venue"
    }
},
{
    "model": "auth.permission",
    "pk": 49,
    "fields": {
        "name": "Can add game",
        "content_type": 13,
        "codename": "add_game"
    }
},
{
    "model": "auth.permission",
    "pk": 50,
    "fields": {
        "name": "Can change game",
        "content_type": 13,
        "codename": "change_game"
    }
},
{
    "model": "auth.permission",
    "pk": 51,
    "fields": {
        "name": "Can delete game",
        "content_type": 13,
        "codename": "delete_game"
    }
},
{
    "model": "auth.permission",
    "pk": 52,
    "fields": {
        "name": "Can view game",
        "content_type": 13,
        "codename": "view_game"
    }
},
{
    "model": "auth.permission",
    "pk": 53,
    "fields": {
        "name": "Can add team_ games",
        "content_type": 14,
        "codename": "add_team_games"
    }
},
{
    "model": "auth.permission",
    "pk": 54,
    "fields": {
        "name": "Can change team_ games",
        "content_type": 14,
        "codename": "change_team_games"
    }
},
{
    "model": "auth.permission",
    "pk": 55,
    "fields": {
        "name": "Can delete team_ games",
        "content_type": 14,
        "codename": "delete_team_games"
    }
},
{
    "model": "auth.permission",
    "pk": 56,
    "fields": {
        "name": "Can view team_ games",
        "content_type": 14,
        "codename": "view_team_games"
    }
},
{
    "model": "contenttypes.contenttype",
    "pk": 1,
    "fields": {
        "app_label": "admin",
        "model": "logentry"
    }
},
{
    "model": "contenttypes.contenttype",
    "pk": 2,
    "fields": {
        "app_label": "auth",
        "model": "permission"
    }
},
{
    "model": "contenttypes.contenttype",
    "pk": 3,
    "fields": {
        "app_label": "auth",
        "model": "group"
    }
},
{
    "model": "contenttypes.contenttype",
    "pk": 4,
    "fields": {
        "app_label": "contenttypes",
        "model": "contenttype"
    }
},
{
    "model": "contenttypes.contenttype",
    "pk": 5,
    "fields": {
        "app_label": "sessions",
        "model": "session"
    }
},
{
    "model": "contenttypes.contenttype",
    "pk": 6,
    "fields": {
        "app_label": "tableapi",
        "model": "customuser"
    }
},
{
    "model": "contenttypes.contenttype",
    "pk": 7,
    "fields": {
        "app_label": "tableapi",
        "model": "team"
    }
},
{
    "model": "contenttypes.contenttype",
    "pk": 8,
    "fields": {
        "app_label": "tableapi",
        "model": "player"
    }
},
{
    "model": "contenttypes.contenttype",
    "pk": 9,
    "fields": {
        "app_label": "tableapi",
        "model": "position"
    }
},
{
    "model": "contenttypes.contenttype",
    "pk": 10,
    "fields": {
        "app_label": "tableapi",
        "model": "nationality"
    }
},
{
    "model": "contenttypes.contenttype",
    "pk": 11,
    "fields": {
        "app_label": "tableapi",
        "model": "team_players"
    }
},
{
    "model": "contenttypes.contenttype",
    "pk": 12,
    "fields": {
        "app_label": "tableapi",
        "model": "venue"
    }
},
{
    "model": "contenttypes.contenttype",
    "pk": 13,
    "fields": {
        "app_label": "tableapi",
        "model": "game"
    }
},
{
    "model": "contenttypes.contenttype",
    "pk": 14,
    "fields": {
        "app_label": "tableapi",
        "model": "team_games"
    }
},
{
    "model": "sessions.session",
    "pk": "25aqnztqs52nuvnsiuct2muptc67mi3j",
    "fields": {
        "session_data": ".eJxVjMsOwiAQRf-FtSHQ4enSvd9ABgakaiAp7cr479qkC93ec859sYDbWsM28hJmYmcm2el3i5geue2A7thunafe1mWOfFf4QQe_dsrPy-H-HVQc9VtbLTDbSBC9KwKSJVEUOgMTAEiwxQjUEykyCbVDUE7kJKX10iehVGHvD9WMNzc:1p029I:crZM497haUNby8dQRrJwIWIWmehwE9FFNpqaocTsgkE",
        "expire_date": "2022-12-13T15:03:52.162Z"
    }
},
{
    "model": "sessions.session",
    "pk": "yo2morq5a55eql9iqkxlclkncn4thmcm",
    "fields": {
        "session_data": ".eJxVjMsOwiAQRf-FtSHQ4enSvd9ABgakaiAp7cr479qkC93ec859sYDbWsM28hJmYmcm2el3i5geue2A7thunafe1mWOfFf4QQe_dsrPy-H-HVQc9VtbLTDbSBC9KwKSJVEUOgMTAEiwxQjUEykyCbVDUE7kJKX10iehVGHvD9WMNzc:1p3LOz:JWO_mKzbs5HssRu0f-uNRfV9yrlGHC8GR10tsdMoL38",
        "expire_date": "2022-12-22T18:13:45.414Z"
    }
},
{
    "model": "tableapi.customuser",
    "pk": 1,
    "fields": {
        "password": "pbkdf2_sha256$390000$8LGhuQVHf6pRB48kO1ldBa$K+4hJ1fCykVDhm60lq5GoLQy0B6KNvix9s7tgw3N9jg=",
        "last_login": "2022-12-08T18:13:45.400Z",
        "is_superuser": true,
        "username": "admin",
        "first_name": "",
        "last_name": "",
        "email": "admin@example.com",
        "is_staff": true,
        "is_active": true,
        "date_joined": "2022-11-29T15:02:38.202Z",
        "groups": [],
        "user_permissions": []
    }
},
{
    "model": "tableapi.customuser",
    "pk": 2,
    "fields": {
        "password": "qwerty1",
        "last_login": "2022-11-29T15:04:17Z",
        "is_superuser": true,
        "username": "LHall",
        "first_name": "Logan",
        "last_name": "Hall",
        "email": "l@hall.com",
        "is_staff": true,
        "is_active": true,
        "date_joined": "2022-11-29T15:04:11Z",
        "groups": [],
        "user_permissions": [
            1,
            2,
            3,
            4,
            9,
            10,
            11,
            12,
            5,
            6,
            7,
            8,
            13,
            14,
            15,
            16,
            17,
            18,
            19,
            20,
            21,
            22,
            23,
            24,
            29,
            30,
            31,
            32,
            25,
            26,
            27,
            28
        ]
    }
},
{
    "model": "tableapi.customuser",
    "pk": 3,
    "fields": {
        "password": "qwerty2",
        "last_login": "2022-11-29T15:05:26Z",
        "is_superuser": true,
        "username": "Zachy",
        "first_name": "Zach",
        "last_name": "Andrews",
        "email": "a@andrews.com",
        "is_staff": true,
        "is_active": true,
        "date_joined": "2022-11-29T15:05:18Z",
        "groups": [],
        "user_permissions": [
            1,
            2,
            3,
            4,
            9,
            10,
            11,
            12,
            5,
            6,
            7,
            8,
            13,
            14,
            15,
            16,
            17,
            18,
            19,
            20,
            21,
            22,
            23,
            24,
            29,
            30,
            31,
            32,
            25,
            26,
            27,
            28
        ]
    }
},
{
    "model": "tableapi.customuser",
    "pk": 4,
    "fields": {
        "password": "qwerty3",
        "last_login": "2022-11-29T15:07:06Z",
        "is_superuser": true,
        "username": "Galven_boi",
        "first_name": "Alex",
        "last_name": "Galvan",
        "email": "A@galvan.com",
        "is_staff": true,
        "is_active": true,
        "date_joined": "2022-11-29T15:06:56Z",
        "groups": [],
        "user_permissions": [
            1,
            2,
            3,
            4,
            9,
            10,
            11,
            12,
            5,
            6,
            7,
            8,
            13,
            14,
            15,
            16,
            17,
            18,
            19,
            20,
            21,
            22,
            23,
            24,
            29,
            30,
            31,
            32,
            25,
            26,
            27,
            28
        ]
    }
},
{
    "model": "tableapi.customuser",
    "pk": 5,
    "fields": {
        "password": "qwerty4",
        "last_login": "2022-11-29T15:09:22Z",
        "is_superuser": false,
        "username": "Joshy",
        "first_name": "Josh",
        "last_name": "Stewart",
        "email": "josh@admin.com",
        "is_staff": true,
        "is_active": true,
        "date_joined": "2022-11-29T15:09:11Z",
        "groups": [],
        "user_permissions": [
            1,
            2,
            3,
            4,
            9,
            10,
            11,
            12,
            5,
            6,
            7,
            8,
            13,
            14,
            15,
            16,
            17,
            18,
            19,
            20,
            21,
            22,
            23,
            24,
            29,
            30,
            31,
            32,
            25,
            26,
            27,
            28
        ]
    }
},
{
    "model": "tableapi.customuser",
    "pk": 6,
    "fields": {
        "password": "test123",
        "last_login": "2022-12-05T19:22:56Z",
        "is_superuser": true,
        "username": "testing",
        "first_name": "test",
        "last_name": "test",
        "email": "test@test.com",
        "is_staff": true,
        "is_active": true,
        "date_joined": "2022-12-05T19:22:48Z",
        "groups": [],
        "user_permissions": [
            1,
            2,
            3,
            4,
            9,
            10,
            11,
            12,
            5,
            6,
            7,
            8,
            13,
            14,
            15,
            16,
            17,
            18,
            19,
            20,
            21,
            22,
            23,
            24,
            49,
            50,
            51,
            52,
            37,
            38,
            39,
            40,
            29,
            30,
            31,
            32,
            33,
            34,
            35,
            36,
            25,
            26,
            27,
            28,
            41,
            42,
            43,
            44,
            45,
            46,
            47,
            48
        ]
    }
},
{
    "model": "tableapi.customuser",
    "pk": 12,
    "fields": {
        "password": "pbkdf2_sha256$390000$ypyMNPvw46cI2q5f127XNp$5ZoJbJLK22Brxxod8eDu3yjM2b1EcwZpAb+GEA925v0=",
        "last_login": null,
        "is_superuser": false,
        "username": "ZachAttack",
        "first_name": "Zach",
        "last_name": "Andrews",
        "email": "zach@test.com",
        "is_staff": false,
        "is_active": true,
        "date_joined": "2022-12-07T19:39:55.786Z",
        "groups": [],
        "user_permissions": []
    }
},
{
    "model": "tableapi.customuser",
    "pk": 13,
    "fields": {
        "password": "pbkdf2_sha256$390000$nhkhVUPi3urZPbF6RFa7zv$tyvrYfk44Uq3wghuvsl3SFAMW2e5xjAVMi32aWtHL78=",
        "last_login": null,
        "is_superuser": false,
        "username": "loganboi",
        "first_name": "Logan",
        "last_name": "Logan",
        "email": "logan@l.com",
        "is_staff": false,
        "is_active": true,
        "date_joined": "2022-12-08T22:13:10.952Z",
        "groups": [],
        "user_permissions": []
    }
},
{
    "model": "tableapi.customuser",
    "pk": 15,
    "fields": {
        "password": "pbkdf2_sha256$390000$v0ANVGKXV0bquwt1Url1nJ$E8fcqn71J5LF1g7qaI5lj7qTVZkra2wPnsNHfPLHRp0=",
        "last_login": null,
        "is_superuser": false,
        "username": "estus",
        "first_name": "estus",
        "last_name": "bestus",
        "email": "estus@l.com",
        "is_staff": false,
        "is_active": true,
        "date_joined": "2022-12-08T22:55:37.404Z",
        "groups": [],
        "user_permissions": []
    }
},
{
    "model": "tableapi.customuser",
    "pk": 16,
    "fields": {
        "password": "pbkdf2_sha256$390000$z4ED6T62I0udc2t5VHNy4x$7MN/1JLiTMUyklTuxCtM4mW4sBB5D4zC5njqHONQLjc=",
        "last_login": null,
        "is_superuser": false,
        "username": "justin",
        "first_name": "just",
        "last_name": "in",
        "email": "justin@g.com",
        "is_staff": false,
        "is_active": true,
        "date_joined": "2022-12-08T23:00:08.515Z",
        "groups": [],
        "user_permissions": []
    }
},
{
    "model": "tableapi.customuser",
    "pk": 17,
    "fields": {
        "password": "pbkdf2_sha256$390000$n6q9CU56GeGXQ9sCCA673f$n4m64F+H+Lddg8PXPwSiQeZNVTbpe8d8O5kqteEUPK0=",
        "last_login": null,
        "is_superuser": false,
        "username": "daniel",
        "first_name": "daniel",
        "last_name": "daniel",
        "email": "daniel@w.com",
        "is_staff": false,
        "is_active": true,
        "date_joined": "2022-12-08T23:16:48.540Z",
        "groups": [],
        "user_permissions": []
    }
},
{
    "model": "tableapi.customuser",
    "pk": 18,
    "fields": {
        "password": "pbkdf2_sha256$390000$IqAZnMqJqSkDsG4sm4hB9f$GRB+CmcdwzxuADXh9MRDc9cDlBbaQdy7TzHY/k4fYyg=",
        "last_login": null,
        "is_superuser": false,
        "username": "will",
        "first_name": "will",
        "last_name": "will",
        "email": "will@wi.com",
        "is_staff": false,
        "is_active": true,
        "date_joined": "2022-12-08T23:19:06.845Z",
        "groups": [],
        "user_permissions": []
    }
},
{
    "model": "tableapi.customuser",
    "pk": 19,
    "fields": {
        "password": "pbkdf2_sha256$390000$4x3tZUaIZfGawxruK8d7lF$4WAwbnwokwt4hn43qcD8HDWuswQacJc8ddXH5/GPw8E=",
        "last_login": null,
        "is_superuser": false,
        "username": "spacebun",
        "first_name": "Space",
        "last_name": "Bunny",
        "email": "spacebun@g.com",
        "is_staff": false,
        "is_active": true,
        "date_joined": "2022-12-09T13:21:41.247Z",
        "groups": [],
        "user_permissions": []
    }
},
{
    "model": "tableapi.team",
    "pk": 1,
    "fields": {
        "team_name": "Qatar",
        "team_grounp": 1,
        "user_id": 12,
        "created_at": "2022-11-29T15:13:14.914Z",
        "updated_at": "2022-12-11T22:21:55.336Z",
        "wins": 0,
        "losses": 2,
        "ties": 1,
        "games_played": 0,
        "goals_scored": 2,
        "goals_lost": 6,
        "goal_dif": -4,
        "rank": 4,
        "points": 0
    }
},
{
    "model": "tableapi.team",
    "pk": 2,
    "fields": {
        "team_name": "Senagal",
        "team_grounp": 1,
        "user_id": 2,
        "created_at": "2022-11-29T15:13:59.223Z",
        "updated_at": "2022-12-11T22:21:41.805Z",
        "wins": 1,
        "losses": 1,
        "ties": 1,
        "games_played": 3,
        "goals_scored": 5,
        "goals_lost": 4,
        "goal_dif": 1,
        "rank": 3,
        "points": 4
    }
},
{
    "model": "tableapi.team",
    "pk": 3,
    "fields": {
        "team_name": "Ecuadar",
        "team_grounp": 1,
        "user_id": 19,
        "created_at": "2022-11-29T15:14:38.767Z",
        "updated_at": "2022-12-11T22:21:24.135Z",
        "wins": 1,
        "losses": 2,
        "ties": 0,
        "games_played": 0,
        "goals_scored": 3,
        "goals_lost": 6,
        "goal_dif": -3,
        "rank": 2,
        "points": 0
    }
},
{
    "model": "tableapi.team",
    "pk": 4,
    "fields": {
        "team_name": "Netherlands",
        "team_grounp": 1,
        "user_id": 18,
        "created_at": "2022-11-29T15:15:21.177Z",
        "updated_at": "2022-12-11T22:21:06.825Z",
        "wins": 2,
        "losses": 1,
        "ties": 0,
        "games_played": 0,
        "goals_scored": 7,
        "goals_lost": 3,
        "goal_dif": 4,
        "rank": 1,
        "points": 0
    }
},
{
    "model": "tableapi.player",
    "pk": 21,
    "fields": {
        "player_name": "Memphis Depay",
        "jersey_no": 4,
        "nationality_id": 4,
        "position_id": 1,
        "injured": false,
        "age": 28
    }
},
{
    "model": "tableapi.player",
    "pk": 25,
    "fields": {
        "player_name": "Saad Al-Sheeb",
        "jersey_no": 1,
        "nationality_id": 1,
        "position_id": 4,
        "injured": false,
        "age": 32
    }
},
{
    "model": "tableapi.player",
    "pk": 26,
    "fields": {
        "player_name": "Jeremy Sarmiento",
        "jersey_no": 16,
        "nationality_id": 3,
        "position_id": 2,
        "injured": false,
        "age": 20
    }
},
{
    "model": "tableapi.player",
    "pk": 27,
    "fields": {
        "player_name": "Kalidou Koulibaly",
        "jersey_no": 3,
        "nationality_id": 2,
        "position_id": 3,
        "injured": false,
        "age": 32
    }
},
{
    "model": "tableapi.player",
    "pk": 29,
    "fields": {
        "player_name": "Frenkie de Jong",
        "jersey_no": 21,
        "nationality_id": 4,
        "position_id": 2,
        "injured": false,
        "age": 25
    }
},
{
    "model": "tableapi.player",
    "pk": 31,
    "fields": {
        "player_name": "Virgil van Dijk",
        "jersey_no": 4,
        "nationality_id": 4,
        "position_id": 3,
        "injured": false,
        "age": 31
    }
},
{
    "model": "tableapi.player",
    "pk": 32,
    "fields": {
        "player_name": "Justin Bijlow",
        "jersey_no": 13,
        "nationality_id": 4,
        "position_id": 4,
        "injured": false,
        "age": 24
    }
},
{
    "model": "tableapi.player",
    "pk": 33,
    "fields": {
        "player_name": "Hassan Al-Haydos",
        "jersey_no": 10,
        "nationality_id": 1,
        "position_id": 2,
        "injured": false,
        "age": 31
    }
},
{
    "model": "tableapi.player",
    "pk": 34,
    "fields": {
        "player_name": "Almoez Ali",
        "jersey_no": 19,
        "nationality_id": 1,
        "position_id": 1,
        "injured": false,
        "age": 26
    }
},
{
    "model": "tableapi.player",
    "pk": 35,
    "fields": {
        "player_name": "Boualem Khoukhi",
        "jersey_no": 16,
        "nationality_id": 1,
        "position_id": 3,
        "injured": false,
        "age": 32
    }
},
{
    "model": "tableapi.player",
    "pk": 36,
    "fields": {
        "player_name": "Pervis Estupinan",
        "jersey_no": 25,
        "nationality_id": 3,
        "position_id": 3,
        "injured": false,
        "age": 22
    }
},
{
    "model": "tableapi.player",
    "pk": 37,
    "fields": {
        "player_name": "Alexander Dominguez",
        "jersey_no": 22,
        "nationality_id": 3,
        "position_id": 4,
        "injured": false,
        "age": 35
    }
},
{
    "model": "tableapi.player",
    "pk": 38,
    "fields": {
        "player_name": "Enner Valencia",
        "jersey_no": 13,
        "nationality_id": 3,
        "position_id": 1,
        "injured": false,
        "age": 33
    }
},
{
    "model": "tableapi.player",
    "pk": 39,
    "fields": {
        "player_name": "Bamba Dieng",
        "jersey_no": 20,
        "nationality_id": 2,
        "position_id": 1,
        "injured": false,
        "age": 20
    }
},
{
    "model": "tableapi.player",
    "pk": 40,
    "fields": {
        "player_name": "Sadio Mane",
        "jersey_no": 10,
        "nationality_id": 2,
        "position_id": 1,
        "injured": true,
        "age": 30
    }
},
{
    "model": "tableapi.player",
    "pk": 41,
    "fields": {
        "player_name": "Pape Matar Sarr",
        "jersey_no": 17,
        "nationality_id": 2,
        "position_id": 2,
        "injured": false,
        "age": 20
    }
},
{
    "model": "tableapi.player",
    "pk": 42,
    "fields": {
        "player_name": "Edouard Mendy",
        "jersey_no": 1,
        "nationality_id": 2,
        "position_id": 4,
        "injured": false,
        "age": 30
    }
},
{
    "model": "tableapi.player",
    "pk": 44,
    "fields": {
        "player_name": "Morgan",
        "jersey_no": 17,
        "nationality_id": 3,
        "position_id": 3,
        "injured": false,
        "age": 22
    }
},
{
    "model": "tableapi.player",
    "pk": 45,
    "fields": {
        "player_name": "Estus Bestus",
        "jersey_no": 42,
        "nationality_id": 1,
        "position_id": 3,
        "injured": false,
        "age": 27
    }
},
{
    "model": "tableapi.player",
    "pk": 50,
    "fields": {
        "player_name": "chai",
        "jersey_no": 7,
        "nationality_id": 2,
        "position_id": 2,
        "injured": false,
        "age": 27
    }
},
{
    "model": "tableapi.player",
    "pk": 64,
    "fields": {
        "player_name": "tommy jim",
        "jersey_no": 17,
        "nationality_id": 2,
        "position_id": 3,
        "injured": false,
        "age": 24
    }
},
{
    "model": "tableapi.player",
    "pk": 93,
    "fields": {
        "player_name": "stupid",
        "jersey_no": 13,
        "nationality_id": 2,
        "position_id": 3,
        "injured": false,
        "age": 18
    }
},
{
    "model": "tableapi.player",
    "pk": 94,
    "fields": {
        "player_name": "Elijah",
        "jersey_no": 22,
        "nationality_id": 2,
        "position_id": 2,
        "injured": false,
        "age": 23
    }
},
{
    "model": "tableapi.player",
    "pk": 95,
    "fields": {
        "player_name": "James",
        "jersey_no": 10,
        "nationality_id": null,
        "position_id": 1,
        "injured": false,
        "age": 26
    }
},
{
    "model": "tableapi.player",
    "pk": 96,
    "fields": {
        "player_name": "Jude Martinez, III",
        "jersey_no": 9,
        "nationality_id": null,
        "position_id": 4,
        "injured": false,
        "age": 23
    }
},
{
    "model": "tableapi.player",
    "pk": 97,
    "fields": {
        "player_name": "Logan",
        "jersey_no": 28,
        "nationality_id": null,
        "position_id": 4,
        "injured": false,
        "age": 16
    }
},
{
    "model": "tableapi.position",
    "pk": 1,
    "fields": {
        "position": "Forward"
    }
},
{
    "model": "tableapi.position",
    "pk": 2,
    "fields": {
        "position": "Mid-Fielder"
    }
},
{
    "model": "tableapi.position",
    "pk": 3,
    "fields": {
        "position": "Defender"
    }
},
{
    "model": "tableapi.position",
    "pk": 4,
    "fields": {
        "position": "Goal Keeper"
    }
},
{
    "model": "tableapi.nationality",
    "pk": 1,
    "fields": {
        "nationality": "Qatari"
    }
},
{
    "model": "tableapi.nationality",
    "pk": 2,
    "fields": {
        "nationality": "Senegalese"
    }
},
{
    "model": "tableapi.nationality",
    "pk": 3,
    "fields": {
        "nationality": "Ecuadorian"
    }
},
{
    "model": "tableapi.nationality",
    "pk": 4,
    "fields": {
        "nationality": "Dutch"
    }
},
{
    "model": "tableapi.team_players",
    "pk": 2,
    "fields": {
        "player": 25,
        "team": 1
    }
},
{
    "model": "tableapi.team_players",
    "pk": 3,
    "fields": {
        "player": 26,
        "team": 3
    }
},
{
    "model": "tableapi.team_players",
    "pk": 4,
    "fields": {
        "player": 27,
        "team": 2
    }
},
{
    "model": "tableapi.team_players",
    "pk": 5,
    "fields": {
        "player": 21,
        "team": 4
    }
},
{
    "model": "tableapi.team_players",
    "pk": 8,
    "fields": {
        "player": 29,
        "team": 4
    }
},
{
    "model": "tableapi.team_players",
    "pk": 9,
    "fields": {
        "player": 31,
        "team": 4
    }
},
{
    "model": "tableapi.team_players",
    "pk": 10,
    "fields": {
        "player": 32,
        "team": 4
    }
},
{
    "model": "tableapi.team_players",
    "pk": 11,
    "fields": {
        "player": 33,
        "team": 1
    }
},
{
    "model": "tableapi.team_players",
    "pk": 12,
    "fields": {
        "player": 34,
        "team": 1
    }
},
{
    "model": "tableapi.team_players",
    "pk": 13,
    "fields": {
        "player": 35,
        "team": 1
    }
},
{
    "model": "tableapi.team_players",
    "pk": 14,
    "fields": {
        "player": 37,
        "team": 3
    }
},
{
    "model": "tableapi.team_players",
    "pk": 15,
    "fields": {
        "player": 36,
        "team": 3
    }
},
{
    "model": "tableapi.team_players",
    "pk": 16,
    "fields": {
        "player": 38,
        "team": 3
    }
},
{
    "model": "tableapi.team_players",
    "pk": 17,
    "fields": {
        "player": 42,
        "team": 2
    }
},
{
    "model": "tableapi.team_players",
    "pk": 18,
    "fields": {
        "player": 41,
        "team": 2
    }
},
{
    "model": "tableapi.team_players",
    "pk": 19,
    "fields": {
        "player": 40,
        "team": 2
    }
},
{
    "model": "tableapi.team_players",
    "pk": 20,
    "fields": {
        "player": 39,
        "team": 2
    }
},
{
    "model": "tableapi.team_players",
    "pk": 21,
    "fields": {
        "player": 64,
        "team": 2
    }
},
{
    "model": "tableapi.team_players",
    "pk": 22,
    "fields": {
        "player": 94,
        "team": 3
    }
},
{
    "model": "tableapi.team_players",
    "pk": 23,
    "fields": {
        "player": 95,
        "team": 3
    }
},
{
    "model": "tableapi.team_players",
    "pk": 24,
    "fields": {
        "player": 96,
        "team": 3
    }
},
{
    "model": "tableapi.team_players",
    "pk": 25,
    "fields": {
        "player": 97,
        "team": 3
    }
},
{
    "model": "tableapi.venue",
    "pk": 1,
    "fields": {
        "venue_name": "Al Bayt Stadium",
        "address": "MF2H+7WM, Al Khor, Qatar"
    }
},
{
    "model": "tableapi.venue",
    "pk": 2,
    "fields": {
        "venue_name": "Lusail Stadium",
        "address": "CFCM+76P, Rawdat Al Hamama, Qatar"
    }
},
{
    "model": "tableapi.venue",
    "pk": 3,
    "fields": {
        "venue_name": "Al Thumama Stadium",
        "address": "6GFH+XH3, Doha, Qatar"
    }
},
{
    "model": "tableapi.venue",
    "pk": 4,
    "fields": {
        "venue_name": "Education City Stadium",
        "address": "8C9G+M35, Ar-Rayyan, Qatar"
    }
},
{
    "model": "tableapi.venue",
    "pk": 5,
    "fields": {
        "venue_name": "Ahmad Bin Ali Stadium",
        "address": "88PW+CPM, Ar-Rayyan, Qatar"
    }
},
{
    "model": "tableapi.venue",
    "pk": 6,
    "fields": {
        "venue_name": "Al Janoub Stadium",
        "address": "5H5H+89W, Al Wukair, Qatar"
    }
},
{
    "model": "tableapi.venue",
    "pk": 7,
    "fields": {
        "venue_name": "Khalifa International Stadium",
        "address": "7FF4+557, Doha, Qatar"
    }
},
{
    "model": "tableapi.venue",
    "pk": 8,
    "fields": {
        "venue_name": "Stadium 974",
        "address": "7HQC+V96, Doha, Qatar"
    }
},
{
    "model": "tableapi.game",
    "pk": 1,
    "fields": {
        "date_of_match": "2022-12-07T20:54:14.538Z",
        "goals_scored": 3,
        "goal_conceded": 2,
        "venue_id": 2
    }
},
{
    "model": "tableapi.game",
    "pk": 2,
    "fields": {
        "date_of_match": "2022-12-07T20:32:38.288Z",
        "goals_scored": 2,
        "goal_conceded": 3,
        "venue_id": 1
    }
},
{
    "model": "tableapi.game",
    "pk": 3,
    "fields": {
        "date_of_match": "2022-12-07T20:34:15.232Z",
        "goals_scored": 1,
        "goal_conceded": 1,
        "venue_id": 3
    }
},
{
    "model": "tableapi.game",
    "pk": 4,
    "fields": {
        "date_of_match": "2022-12-07T20:34:22.053Z",
        "goals_scored": 1,
        "goal_conceded": 1,
        "venue_id": 3
    }
},
{
    "model": "tableapi.game",
    "pk": 5,
    "fields": {
        "date_of_match": "2022-12-07T20:35:35.592Z",
        "goals_scored": 3,
        "goal_conceded": 0,
        "venue_id": 1
    }
},
{
    "model": "tableapi.game",
    "pk": 6,
    "fields": {
        "date_of_match": "2022-12-07T20:35:44.111Z",
        "goals_scored": 0,
        "goal_conceded": 3,
        "venue_id": 1
    }
},
{
    "model": "tableapi.team_games",
    "pk": 1,
    "fields": {
        "game": 2,
        "team": 3
    }
},
{
    "model": "tableapi.team_games",
    "pk": 2,
    "fields": {
        "game": 1,
        "team": 2
    }
},
{
    "model": "tableapi.team_games",
    "pk": 3,
    "fields": {
        "game": 3,
        "team": 1
    }
},
{
    "model": "tableapi.team_games",
    "pk": 4,
    "fields": {
        "game": 4,
        "team": 4
    }
},
{
    "model": "tableapi.team_games",
    "pk": 5,
    "fields": {
        "game": 5,
        "team": 2
    }
},
{
    "model": "tableapi.team_games",
    "pk": 6,
    "fields": {
        "game": 6,
        "team": 1
    }
}
]
